,team,TotalElo,HomeTotalElo,AwayTotalElo,HomeAttackElo,HomeDefenseElo,AwayAttackElo,AwayDefenseElo,AttHS,AttHST,AttHC,AttHF,AttHY,AttHR,AttFTHG,AttHTHG,AttCHS,AttCHST,AttCHC,AttCHF,AttCHY,AttCHR,AttCFTHG,AttCHTHG,AttAS,AttAST,AttAC,AttAF,AttAY,AttAR,AttFTAG,AttHTAG,AttCAS,AttCAST,AttCAC,AttCAF,AttCAY,AttCAR,AttCFTAG,AttCHTAG,ser
2,AFC Wimbledon,"6,51","2,40","5,61","4,79","6,77","3,44","5,01","4,80","4,94","4,91","4,12","5,95","0,00","5,54","4,55","1,33","1,31","2,55","3,54","3,58","1,69","2,09","2,08","4,30","3,28","5,36","6,40","4,24","0,00","1,87","0,70","2,34","3,41","2,56","2,82","5,45","0,00","2,51","2,23",leagueTwo
2,AVS,"3,74","6,04","2,65","1,93","3,99","2,19","3,96","2,50","0,91","2,15","4,00","7,50","0,00","2,17","1,50","5,33","4,65","3,59","4,62","2,78","0,00","4,94","6,39","3,23","1,01","3,32","3,41","3,63","3,33","1,71","3,00","5,32","4,77","4,91","3,24","2,11","0,00","5,06","5,29",portugal
13,AZ Alkmaar,"6,30","2,35","6,28","5,32","6,98","4,66","6,11","7,32","6,82","3,85","1,55","2,50","2,83","6,53","3,77","4,22","3,04","2,64","2,24","2,33","0,00","4,94","5,46","4,23","3,64","5,94","3,34","3,47","2,33","3,34","4,30","2,59","1,27","3,77","4,52","5,09","8,60","1,69","0,15",ered
11,Aberdeen,"1,03","5,16","5,26","6,79","5,25","3,89","0,84","3,95","3,51","4,73","3,17","6,78","0,00","6,34","3,23","4,53","2,74","3,73","8,49","5,22","4,08","2,51","1,58","4,48","4,04","5,79","3,70","5,76","0,00","3,78","3,00","7,13","6,41","9,76","3,24","3,13","0,00","2,69","3,35",scotchamp
15,Accrington,"8,00","4,43","5,05","2,52","3,95","2,36","3,91","2,79","2,39","3,16","4,73","5,95","0,00","3,60","5,09","4,17","3,72","5,38","4,33","0,47","0,00","3,99","2,08","3,54","3,91","3,43","7,15","6,42","2,00","3,21","1,90","3,18","3,25","3,19","2,32","3,64","0,00","5,06","1,89",leagueTwo
9,Ajax,"5,49","1,13","6,26","5,18","8,22","5,05","7,03","5,07","7,05","6,18","2,55","3,75","0,00","6,53","5,32","2,67","2,79","0,00","3,14","1,86","2,39","1,14","0,93","5,42","4,12","4,97","2,08","2,65","0,00","4,82","3,35","3,21","3,18","2,12","4,77","3,21","3,40","3,08","1,89",ered
17,Alaves,"3,21","6,43","3,60","2,90","3,80","3,97","3,77","1,96","1,60","4,69","5,00","6,67","5,50","3,05","2,27","4,33","4,65","4,34","4,78","4,17","0,00","3,69","3,66","3,99","2,65","2,22","7,33","6,07","0,00","2,23","2,50","3,33","4,09","3,19","6,04","5,55","5,00","5,41","3,11",laliga
16,Albacete,"1,03","3,99","4,31","4,23","5,86","4,95","3,36","5,60","5,12","4,12","2,00","4,38","0,00","4,23","4,00","4,75","4,12","3,83","2,64","2,92","0,00","5,40","4,10","4,51","3,91","3,76","3,84","3,42","0,00","3,21","3,75","6,44","5,62","4,24","6,56","5,22","2,40","4,32","3,74",spain2
1,Alloa,"2,80","3,57","1,79","0,95","5,81","2,22","5,47","0,00","2,92","5,28","4,11","2,85","7,17","3,37","1,95","2,81","4,12","4,20","2,86","4,06","0,00","1,94","3,11","2,75","4,00","4,57","2,82","3,87","0,00","2,59","2,85","3,15","3,41","5,50","2,22","4,73","0,00","2,10","0,87",scotl1
4,Almere City,"8,10","4,27","4,31","0,76","3,57","1,42","3,57","2,75","1,95","2,00","3,33","2,85","4,83","1,49","1,32","5,47","6,86","6,64","2,35","1,67","1,97","9,54","5,46","3,17","1,80","3,59","2,08","3,10","0,00","0,49","1,65","6,98","5,69","5,76","1,80","1,53","3,40","4,56","2,72",ered
21,Almeria,"1,84","6,05","4,99","7,59","4,64","6,81","3,70","7,97","5,69","5,33","4,27","4,58","2,83","5,22","3,05","4,33","5,72","3,59","5,07","4,17","2,39","5,59","3,66","6,34","4,12","3,29","4,87","5,76","3,67","3,96","3,35","4,71","4,77","3,41","9,29","3,08","4,40","4,08","4,85",spain2
1,Anderlecht,"0,57","2,93","4,02","6,70","6,98","4,52","3,51","6,00","4,94","4,27","1,86","4,38","0,00","5,54","4,55","3,92","4,31","2,97","6,34","3,58","3,52","1,60","2,08","4,60","4,91","4,77","2,92","3,10","0,00","4,46","3,55","5,98","5,74","5,84","4,77","3,64","2,80","2,10","2,23",jupiler
6,Angers,"4,49","6,53","2,12","2,90","3,72","2,74","5,33","1,42","2,96","3,00","2,09","3,75","0,00","3,92","2,27","7,78","10,00","4,72","5,82","5,56","2,39","8,75","10,00","2,73","2,23","3,14","3,06","1,78","2,83","1,37","1,65","4,06","4,77","4,34","4,77","5,34","3,40","2,10","1,07",ligue1
6,Annan Athletic,"2,98","1,65","0,01","2,42","7,49","1,60","8,04","1,47","1,17","4,01","2,08","4,28","0,00","1,85","1,32","2,33","3,21","3,40","5,29","4,44","1,97","1,94","3,88","1,58","1,70","3,59","0,61","2,44","2,00","1,24","1,25","1,91","3,93","4,55","3,92","3,94","2,40","6,89","5,53",scotl1
13,Antwerp,"1,39","4,32","4,13","5,46","5,75","4,70","3,45","5,79","4,87","5,28","2,93","4,65","0,00","6,84","3,91","5,09","5,72","2,75","3,24","2,86","1,97","1,60","2,35","3,93","3,82","6,15","3,87","3,10","2,33","2,23","3,55","5,58","5,55","5,32","5,73","5,45","0,00","2,10","1,55",jupiler
7,Arbroath,"0,63","1,79","3,01","0,92","7,20","4,68","5,39","0,46","1,88","4,12","2,61","4,38","2,00","2,30","2,27","2,33","3,12","2,97","3,21","3,94","1,69","2,59","1,37","3,77","4,12","7,71","2,08","0,90","0,00","3,96","4,15","3,21","5,01","8,39","4,49","3,64","10,00","3,58","2,72",scotl1
9,Arouca,"3,01","7,89","5,05","2,67","2,63","5,89","2,85","1,36","0,27","5,93","3,96","9,00","3,33","1,57","1,82","7,00","2,84","4,76","4,78","4,36","0,00","4,56","3,28","3,77","0,97","6,79","4,66","5,31","2,83","0,93","2,50","5,19","3,64","6,57","9,71","4,48","0,00","5,06","3,50",portugal
3,Arsenal,"7,44","3,87","5,75","7,52","6,08","2,52","2,67","8,39","7,50","7,88","3,82","5,00","2,83","6,53","5,32","3,67","1,99","1,51","1,64","4,64","0,00","3,04","0,93","2,47","1,60","3,14","4,05","5,31","5,50","2,23","1,65","6,41","4,77","4,75","4,20","6,18","0,00","2,10","1,07",prem
17,Aston Villa,"6,73","3,39","7,20","6,13","6,15","4,63","3,94","4,21","3,86","5,97","2,82","6,67","0,00","3,92","1,50","3,55","3,85","2,46","5,82","9,72","0,00","4,30","4,54","4,21","2,23","5,20","5,27","3,98","2,83","3,96","5,00","4,53","3,86","3,94","5,05","4,48","3,40","4,56","2,72",prem
20,Atalanta,"1,13","2,49","2,97","6,35","7,29","4,84","5,58","4,96","6,37","3,00","2,91","2,50","0,00","8,69","7,59","2,89","4,39","1,51","6,72","2,78","0,00","4,30","3,66","6,38","4,72","4,97","3,77","4,24","0,00","4,82","5,70","3,96","3,22","1,68","2,82","1,45","2,80","2,51","1,55",seriea
1,Ath Bilbao,"1,58","3,63","3,34","2,47","5,95","4,95","5,03","2,55","3,57","2,68","4,32","5,00","2,00","3,92","5,09","2,17","1,52","3,83","3,77","3,58","0,00","2,09","0,66","4,90","1,60","6,34","4,05","4,43","5,50","3,08","3,35","3,40","3,41","3,94","3,64","7,46","3,40","2,60","1,07",laliga
18,Ath Madrid,"2,63","2,46","1,10","5,14","7,17","1,46","6,05","5,51","5,46","5,28","3,56","5,00","2,33","5,22","1,95","1,57","1,14","2,59","4,01","2,86","0,00","0,87","1,58","2,52","1,84","3,00","1,77","2,73","0,00","2,23","2,15","4,61","3,41","2,04","2,59","2,19","0,00","1,24","2,23",laliga
2,Augsburg,"8,37","4,59","4,09","6,41","4,99","0,67","2,44","5,93","5,23","6,60","3,64","7,08","2,83","4,78","3,77","3,89","3,85","3,77","3,58","6,50","4,65","4,30","3,66","1,88","0,00","2,50","2,67","3,63","3,33","0,67","1,00","8,15","9,41","6,12","3,24","0,08","0,00","8,02","6,26",bundesliga
5,Auxerre,"2,27","4,84","3,47","3,45","5,11","3,52","3,63","3,89","5,46","0,67","3,18","4,58","0,00","5,22","4,55","4,55","4,92","5,10","6,12","0,47","0,00","2,40","2,73","3,86","3,28","4,97","4,66","4,88","5,50","3,52","4,15","5,38","6,37","4,15","3,77","2,80","0,00","6,04","2,72",ligue1
12,Barcelona,"0,17","1,85","3,62","9,12","8,11","6,66","5,96","6,51","7,37","6,44","1,46","3,00","0,00","9,40","10,00","2,07","0,59","3,85","6,57","5,47","0,00","1,52","1,09","6,11","6,08","4,81","1,51","4,27","3,67","6,55","5,00","3,21","3,86","5,28","6,28","6,46","0,00","2,75","2,72",laliga
2,Bari,"2,42","7,24","5,23","7,07","3,66","5,84","2,48","5,12","2,73","5,06","5,34","5,95","2,00","3,60","3,41","4,59","5,11","4,25","8,14","5,33","3,52","3,99","2,08","4,72","3,69","2,46","3,80","5,76","0,00","2,67","4,15","7,64","5,01","2,93","9,29","5,75","3,40","0,62","0,29",serieb
3,Barrow,"6,49","2,16","5,12","3,52","6,62","3,46","6,18","2,53","4,09","3,64","2,97","4,45","1,83","3,76","3,05","2,93","3,22","3,15","4,97","6,03","1,55","2,62","1,20","3,28","2,02","4,97","2,54","3,77","0,00","0,93","1,90","2,20","2,56","5,45","4,55","6,49","0,00","2,10","1,89",leagueTwo
18,Bayern Munich,"4,39","0,00","7,57","7,13","10,00","7,79","10,00","8,18","7,64","4,91","1,56","1,00","0,00","6,79","3,64","0,33","0,91","1,59","3,88","2,69","2,82","0,00","1,09","8,01","10,00","8,85","1,35","2,65","0,00","9,56","10,00","0,00","0,00","0,10","3,64","1,09","0,00","2,10","1,07",bundesliga
2,Beerschot VA,"5,11","7,58","2,21","1,12","2,69","1,48","4,14","1,74","1,56","1,82","3,87","6,08","0,00","2,98","1,32","7,47","7,79","5,02","4,27","1,28","1,97","5,74","6,23","3,12","2,02","2,62","2,08","2,73","2,33","0,93","1,45","6,79","8,28","4,98","2,82","1,09","0,00","7,28","4,32",jupiler
14,Benfica,"2,08","1,91","1,33","8,83","8,03","5,31","8,81","8,18","8,64","7,88","3,54","3,75","0,00","9,58","6,82","1,22","0,38","0,94","3,28","5,11","0,00","1,14","2,73","5,42","4,85","7,71","0,98","3,77","0,00","3,52","3,75","1,84","4,09","0,00","3,92","4,27","0,00","2,10","1,89",portugal
2,Betis,"1,92","3,47","2,79","6,61","6,55","3,71","4,96","7,08","5,85","4,91","3,17","6,08","0,00","3,73","2,59","2,53","2,05","3,07","5,41","3,64","0,00","2,51","1,58","3,71","3,10","2,81","3,77","2,33","2,33","1,87","2,15","4,61","4,77","3,59","5,61","5,45","5,80","3,37","0,87",laliga
1,Blackburn,"7,51","3,94","5,68","3,09","4,63","2,31","2,36","3,92","3,93","4,12","3,64","3,45","0,00","3,92","2,27","5,08","4,12","5,38","2,76","3,25","1,69","2,59","1,37","2,75","2,74","1,82","5,03","7,27","4,83","2,23","2,15","5,34","4,97","6,01","3,92","5,83","2,80","3,37","1,55",championship
17,Boavista,"2,68","5,20","3,26","3,99","4,89","2,57","3,21","3,93","1,64","3,89","3,20","6,50","3,33","0,00","0,00","4,60","4,76","3,62","6,21","4,36","2,82","5,32","5,46","2,21","2,43","1,08","3,92","5,76","0,00","2,67","1,65","5,56","2,96","4,95","6,04","5,75","0,00","2,60","2,72",portugal
11,Bochum,"8,22","4,81","5,19","1,59","3,26","1,68","2,12","4,06","1,91","2,37","4,18","3,50","0,00","2,09","1,82","6,47","6,36","4,30","2,27","0,47","0,00","9,13","6,56","3,86","3,69","1,99","5,15","3,10","0,00","2,23","3,35","7,26","7,27","6,16","1,52","1,53","3,40","8,52","4,32",bundesliga
5,Bologna,"2,36","5,37","3,79","6,80","5,08","4,93","4,23","5,60","2,18","6,69","4,73","3,00","3,33","2,09","0,91","3,67","1,23","4,30","7,11","4,36","2,82","1,52","1,09","4,01","3,64","2,41","6,29","2,73","2,33","3,70","2,85","4,28","3,22","2,73","8,52","4,38","0,00","4,64","1,55",seriea
18,Bournemouth,"7,70","5,08","7,73","4,89","4,01","5,42","4,42","5,28","4,54","5,33","5,27","6,25","0,00","3,92","3,77","4,00","3,04","4,53","2,38","6,50","4,65","3,04","0,93","6,11","3,49","7,02","2,70","6,21","0,00","2,67","0,85","5,38","8,19","3,54","3,77","5,75","0,00","4,56","4,32",prem
16,Bradford,"7,49","3,85","5,55","4,96","5,31","3,26","4,74","4,59","4,28","4,91","3,48","7,15","0,00","4,10","3,91","3,86","2,74","3,88","3,75","6,83","1,97","2,51","0,77","3,40","1,74","5,42","3,97","3,40","0,00","2,51","3,90","3,58","3,26","4,88","3,92","2,80","0,00","2,75","3,79",leagueTwo
16,Braunschweig,"8,06","4,90","6,00","6,62","4,72","3,31","3,82","5,60","5,91","3,64","2,91","5,00","0,00","4,36","3,77","5,89","3,59","4,16","7,46","5,11","0,00","3,69","1,80","3,49","2,38","5,36","2,92","6,13","4,83","1,87","2,15","5,90","6,92","4,46","4,28","2,90","2,80","7,60","6,41",bundesliga2
8,Brentford,"8,20","4,68","4,93","5,94","4,75","1,10","1,45","4,75","6,82","4,49","0,91","3,75","0,00","7,83","7,59","7,45","5,45","5,29","4,33","5,56","2,39","6,20","4,54","1,95","2,23","2,67","0,12","1,33","2,83","1,37","3,35","10,00","10,00","10,00","2,37","3,64","0,00","4,56","3,50",prem
1,Brescia,"2,97","7,99","5,18","6,26","2,97","5,83","2,57","5,79","5,85","4,36","5,27","7,50","0,00","4,86","4,55","6,33","4,12","2,59","5,04","5,64","6,06","5,74","3,11","5,78","2,91","5,56","4,93","4,62","0,00","1,48","0,70","6,23","5,17","4,80","6,46","5,83","5,80","2,51","1,55",serieb
2,Brest,"2,19","4,18","3,04","3,73","5,66","3,42","4,30","2,71","3,64","2,58","4,63","4,58","2,83","4,36","3,77","2,78","1,19","2,64","6,57","2,78","2,39","3,69","3,66","3,95","3,06","3,59","3,43","1,33","0,00","2,23","2,50","6,04","6,82","3,54","4,20","4,48","3,40","6,54","7,57",ligue1
11,Brighton,"7,40","4,14","6,57","5,24","5,09","4,10","4,24","4,85","3,64","4,69","3,73","6,67","0,00","4,78","3,05","4,00","4,12","3,40","4,48","5,56","2,39","4,30","3,66","4,72","4,12","3,83","2,08","2,23","2,83","3,96","5,00","5,76","5,69","5,55","3,77","3,64","6,60","3,08","3,50",prem
17,Bristol City,"6,58","3,02","6,84","3,66","5,77","4,80","5,14","2,63","1,88","4,43","2,61","3,75","2,00","2,92","1,73","4,92","2,52","3,40","5,56","4,97","0,00","3,50","1,37","4,77","3,59","6,34","3,65","3,10","0,00","3,21","2,50","4,18","3,07","3,48","4,98","3,64","0,00","3,22","2,48",championship
13,Bromley,"7,76","4,63","6,43","3,97","4,19","3,53","3,30","3,19","3,25","3,96","3,30","3,12","2,00","3,60","3,41","6,17","4,92","4,81","4,88","6,03","0,00","5,40","3,39","4,53","2,74","4,97","2,82","3,47","7,17","1,87","1,45","6,06","4,58","6,01","3,92","1,83","2,80","1,69","0,87",leagueTwo
9,Burgos,"3,00","5,24","2,90","3,40","4,79","2,82","4,04","2,95","2,73","3,96","3,84","5,30","0,00","2,61","1,73","4,25","2,92","4,67","4,55","6,36","0,00","3,50","2,08","3,02","3,76","5,82","3,37","3,10","0,00","1,58","0,60","5,66","5,29","4,24","3,60","2,67","10,00","3,58","3,74",spain2
18,Burnley,"6,13","1,68","5,27","3,37","7,07","2,63","4,02","3,22","2,33","5,46","4,34","4,65","0,00","3,73","2,59","2,05","1,14","0,97","3,11","4,06","1,97","0,34","1,58","3,63","2,57","4,05","5,77","4,88","1,83","2,23","2,80","3,33","1,28","3,94","2,70","3,36","2,20","0,44","0,53",championship
3,Cadiz,"4,18","9,06","4,55","5,15","2,00","5,31","3,23","4,00","3,93","2,52","7,18","7,20","0,00","2,92","2,82","5,08","3,72","4,53","7,91","5,33","0,00","4,49","2,73","3,47","3,28","4,97","5,03","7,40","0,00","2,54","1,25","4,88","3,41","4,24","8,80","6,18","2,40","3,22","1,89",spain2
7,Cagliari,"2,76","6,84","4,49","5,32","3,76","4,05","2,30","5,24","2,33","6,18","4,65","3,23","0,00","2,61","1,95","5,38","4,81","4,37","5,04","2,86","0,00","6,84","4,70","3,95","1,39","5,20","3,56","6,63","8,33","2,67","2,50","7,45","5,23","3,94","4,34","5,34","6,60","4,08","3,50",seriea
3,Cardiff,"7,27","3,47","5,42","4,48","5,55","2,94","4,36","4,72","5,46","5,23","3,43","4,05","2,00","3,60","2,82","4,25","5,32","3,26","3,88","3,25","1,69","3,99","2,08","3,47","2,02","4,28","3,74","3,10","0,00","0,93","1,25","4,74","3,41","4,85","4,24","3,94","0,00","4,32","3,74",championship
14,Carlisle,"6,89","3,05","5,78","3,97","5,84","3,40","4,50","4,00","3,07","4,12","2,75","6,88","0,00","2,30","3,41","3,41","2,71","3,53","5,12","2,56","1,69","4,94","6,12","3,57","1,88","4,20","3,23","4,59","0,00","1,66","0,55","4,71","3,86","4,75","5,14","3,92","2,20","4,73","3,79",leagueTwo
17,Carrarese,"2,11","4,46","3,36","3,89","5,46","3,58","3,87","3,31","2,54","3,27","3,56","3,57","0,00","2,61","2,59","4,91","2,98","3,56","6,06","4,06","1,97","0,87","0,00","2,52","2,19","3,59","4,61","3,47","0,00","1,48","1,45","5,74","6,53","2,73","7,56","4,38","0,00","4,20","3,64",serieb
18,Cartagena,"3,46","6,73","3,55","2,10","3,47","2,59","2,73","1,90","1,36","4,43","4,39","4,70","0,00","1,62","1,73","6,41","7,52","3,96","5,00","0,81","0,00","5,40","3,39","2,17","1,87","1,70","4,75","5,09","0,00","1,92","1,25","6,08","5,29","4,85","6,56","4,27","0,00","4,32","3,74",spain2
3,Casa Pia,"3,00","7,02","4,35","3,72","3,43","1,17","0,18","3,56","2,28","4,06","5,45","8,32","2,83","2,61","2,27","4,78","4,12","3,59","5,07","3,72","0,00","3,04","1,80","2,61","2,27","2,50","8,12","4,16","0,00","1,71","2,00","7,36","5,05","5,39","2,22","2,11","0,00","3,88","3,35",portugal
17,Castellon,"2,50","5,95","4,09","6,61","4,61","5,12","3,86","5,79","5,85","5,64","4,11","3,57","2,33","2,98","1,95","4,81","6,41","3,88","6,57","4,83","1,97","5,21","3,11","4,83","4,39","4,44","4,48","4,43","0,00","4,82","5,00","4,74","4,43","4,69","5,61","4,61","0,00","3,22","1,89",spain2
6,Catanzaro,"3,83","6,70","3,07","3,35","3,64","2,89","3,81","2,55","2,89","2,68","5,55","5,62","0,00","3,92","4,55","4,33","2,92","4,81","5,00","5,69","1,69","3,04","3,39","3,69","2,23","1,77","5,52","3,98","2,83","0,93","0,85","4,53","2,73","2,73","4,77","5,75","0,00","1,60","2,72",serieb
3,Celta,"1,26","3,36","3,51","2,94","6,21","4,21","4,12","2,23","3,75","1,88","3,30","6,25","0,00","4,23","2,82","3,17","2,32","2,40","5,56","4,31","5,35","3,50","3,39","4,21","3,06","1,99","2,70","4,43","8,33","3,52","5,00","5,85","5,91","4,55","5,76","5,75","0,00","6,54","4,32",laliga
5,Celtic,"1,10","1,87","2,50","9,94","8,19","7,45","8,55","9,21","6,00","9,49","2,76","3,50","0,00","6,79","5,45","1,67","2,20","1,59","4,06","6,03","0,00","0,76","0,00","7,49","8,50","9,27","1,35","1,59","0,00","7,77","6,45","1,70","1,65","1,16","3,67","3,28","2,80","0,00","0,15",scotchamp
14,Cercle Brugge,"2,47","3,63","2,25","6,60","6,42","2,81","5,17","5,36","3,93","7,14","2,27","3,75","2,00","3,92","4,00","3,33","3,72","3,96","5,22","5,33","1,69","5,40","3,39","3,71","3,28","6,15","2,72","3,10","0,00","1,11","0,70","4,69","6,14","3,94","2,95","1,83","2,80","5,06","5,00",jupiler
7,Cesena,"3,01","6,36","3,79","5,52","4,16","5,31","4,54","4,56","5,62","3,49","4,25","7,20","2,00","5,54","6,27","4,83","3,32","3,68","6,46","2,56","1,69","4,49","2,08","4,72","4,96","4,97","5,77","3,98","0,00","2,23","1,65","3,87","2,96","2,12","6,61","6,18","6,60","3,08","2,72",serieb
3,Charleroi,"3,02","4,44","2,23","3,95","5,48","3,22","5,54","6,34","5,27","4,54","3,87","5,35","0,00","2,61","1,32","3,76","2,74","3,73","2,21","1,28","1,97","1,41","2,35","5,29","3,91","4,12","3,10","4,43","0,00","1,92","3,75","4,18","5,12","2,87","1,59","3,33","0,00","4,70","3,11",jupiler
9,Chelsea,"7,23","4,82","8,87","5,38","4,42","6,94","5,15","5,39","5,23","5,33","3,36","10,00","0,00","3,92","4,55","5,33","5,19","2,64","4,33","3,25","2,39","4,30","3,66","4,72","4,12","6,34","3,31","7,08","0,00","5,67","4,15","3,77","4,32","2,73","7,59","10,00","0,00","2,10","1,89",prem
4,Cheltenham,"7,49","3,75","5,29","2,00","4,49","3,14","5,09","2,60","2,73","2,09","3,33","4,17","0,00","3,19","1,50","5,00","5,02","5,79","3,88","3,86","1,55","3,88","4,26","2,88","2,50","3,43","3,65","2,44","0,00","3,21","3,75","4,53","3,75","3,79","5,09","3,94","0,00","4,32","1,89",leagueTwo
1,Chesterfield,"5,71","1,84","7,18","5,40","7,55","5,39","5,64","3,96","3,18","6,04","1,70","4,45","1,83","3,19","3,05","2,93","3,22","2,14","5,57","6,03","1,55","4,30","2,40","3,80","3,59","6,68","3,37","3,42","2,00","5,80","5,60","3,33","2,73","3,48","5,72","5,22","7,60","2,10","1,89",leagueTwo
18,Cittadella,"2,19","6,37","4,81","4,14","4,00","5,35","2,81","2,82","1,81","3,64","4,36","7,92","2,83","0,86","0,77","5,00","3,32","3,96","8,36","2,78","2,39","2,40","1,80","4,51","1,87","3,76","3,47","8,09","2,00","1,92","1,90","6,44","7,16","4,55","9,01","3,64","0,00","4,70","3,74",serieb
4,Club Brugge,"1,03","2,34","2,97","8,50","7,66","5,94","6,50","8,37","8,19","5,81","2,00","2,50","0,00","6,34","3,91","2,81","1,83","2,75","4,78","6,42","4,08","3,04","1,58","6,58","6,12","4,80","1,90","2,79","2,00","3,83","5,00","3,46","4,09","3,48","4,98","4,61","2,40","2,46","0,68",jupiler
17,Colchester,"6,94","3,17","5,90","5,47","6,17","3,46","4,36","4,96","4,43","4,76","3,23","3,75","0,00","2,92","1,73","3,25","3,12","3,96","5,90","4,97","1,69","2,59","2,73","3,21","2,50","2,22","3,19","4,11","0,00","2,88","2,50","5,03","3,93","4,85","6,04","4,91","2,40","4,70","3,74",leagueTwo
19,Como,"3,89","5,57","2,07","6,06","4,84","4,44","6,81","4,70","3,82","3,89","4,29","4,50","6,67","3,66","2,73","3,80","4,44","2,72","7,28","5,47","5,63","8,37","4,37","5,29","3,59","3,07","2,82","3,10","0,00","1,58","1,25","2,48","4,43","3,03","5,83","3,94","0,00","3,93","3,11",seriea
19,Cordoba,"2,57","5,98","4,03","6,97","4,63","3,80","2,89","6,65","5,80","5,39","6,30","5,62","2,00","4,91","2,27","2,50","2,71","2,97","6,01","3,58","1,69","3,04","2,08","5,64","2,56","5,56","5,87","4,99","7,17","0,75","0,70","5,17","4,58","3,94","2,95","2,19","0,00","5,06","5,00",spain2
8,Cosenza,"0,90","5,38","5,60","6,92","5,09","5,89","1,88","7,14","3,57","4,27","4,59","6,88","2,00","1,96","2,27","3,00","2,92","3,68","6,68","4,31","3,52","2,59","2,08","4,90","3,91","3,36","4,54","6,63","2,83","3,08","3,35","6,13","4,77","6,76","8,30","6,62","3,40","2,60","1,89",serieb
2,Cove Rangers,"3,85","3,42","0,38","0,62","5,89","1,88","7,63","0,99","2,05","4,49","3,54","3,75","2,83","3,47","3,05","2,33","5,19","4,72","2,38","0,00","0,00","5,59","2,73","2,82","3,13","2,91","1,80","2,10","0,00","4,51","3,75","1,41","2,89","4,55","1,80","3,33","2,40","2,46","1,31",scotl1
13,Coventry,"7,14","3,33","5,55","7,37","6,60","2,82","3,77","7,21","5,98","8,24","2,75","5,30","0,00","4,57","3,41","2,75","2,32","2,70","3,43","4,97","3,52","5,40","6,12","3,21","1,39","6,50","4,20","3,10","0,00","2,23","1,90","4,67","4,26","6,06","2,32","3,94","2,40","2,84","1,89",championship
12,Cremonese,"0,30","4,13","5,32","4,37","5,77","6,46","2,83","4,23","2,92","1,82","4,18","3,93","0,00","2,61","2,59","3,47","2,74","2,75","7,59","2,06","0,00","3,04","2,35","5,71","3,64","4,57","4,40","6,90","2,33","4,07","4,30","5,17","4,77","5,15","8,28","3,99","0,00","3,37","5,73",serieb
18,Crewe,"8,22","4,78","5,08","2,94","3,72","2,98","5,23","2,14","2,56","2,85","3,50","5,95","2,00","3,92","4,00","6,00","4,52","5,80","5,56","3,25","0,00","2,59","4,10","3,28","1,70","4,12","3,28","4,11","0,00","2,23","0,00","3,61","1,71","4,08","4,77","3,00","2,40","1,75","1,89",leagueTwo
12,Crystal Palace,"7,84","4,84","6,65","3,46","3,81","4,42","4,73","3,78","3,18","2,37","2,55","5,42","2,83","1,31","0,77","6,55","4,92","6,42","6,27","3,25","0,00","3,69","2,73","6,11","5,38","5,65","3,43","4,43","0,00","2,67","2,50","4,53","5,01","4,34","2,22","4,07","0,00","4,08","1,89",prem
7,Darmstadt,"7,48","4,77","7,80","5,78","4,61","5,10","3,58","4,59","4,49","4,19","3,71","6,42","2,33","4,46","4,55","3,95","4,34","5,18","5,41","8,00","1,97","4,14","3,11","5,85","8,11","5,65","3,06","4,43","0,00","6,55","5,00","7,26","5,91","3,13","2,79","4,07","0,00","6,54","5,15",bundesliga2
5,Dender,"2,64","5,45","3,51","1,32","4,39","3,08","3,19","1,18","1,88","3,16","2,61","6,25","0,00","3,26","2,82","6,25","5,32","4,25","3,54","3,25","1,69","4,94","4,10","4,23","2,56","3,00","3,24","3,87","2,33","2,59","3,55","7,28","6,53","3,94","3,80","2,19","0,00","4,20","2,23",jupiler
14,Derby,"7,84","3,84","4,22","3,37","4,82","1,75","4,51","3,95","2,92","5,28","3,48","4,28","0,00","4,10","2,59","4,53","3,89","5,82","2,35","3,64","0,00","1,94","1,58","2,47","1,31","4,97","3,88","4,27","0,00","2,23","1,65","4,21","3,56","4,88","2,13","2,80","0,00","4,08","2,72",championship
5,Doncaster,"5,89","2,20","7,40","5,31","7,14","5,75","5,91","4,60","2,58","5,62","2,73","2,50","3,67","2,90","1,50","1,96","1,62","4,28","5,67","4,81","0,00","2,62","1,80","6,00","5,02","7,71","3,84","3,10","4,17","3,52","3,10","2,97","3,07","2,87","4,34","3,33","5,00","2,84","1,89",leagueTwo
7,Dortmund,"6,49","2,05","4,85","6,55","7,67","2,63","4,98","7,21","6,59","6,60","2,64","4,17","0,00","7,83","6,05","2,78","3,32","0,57","1,94","2,33","4,65","3,04","3,66","1,99","2,52","3,05","2,67","7,35","10,00","1,71","2,00","3,85","5,59","3,94","5,78","5,17","0,00","6,24","6,26",bundesliga
8,Dumbarton,"2,19","3,17","2,22","3,96","6,48","1,99","4,54","2,71","3,07","9,05","2,21","3,45","2,00","4,23","2,27","2,75","5,53","4,53","3,09","2,56","0,00","6,84","5,46","3,77","4,12","5,42","3,19","3,10","8,33","2,23","1,65","3,77","4,09","6,57","0,53","2,37","0,00","3,08","1,89",scotl1
9,Dundee,"4,02","6,26","2,47","4,31","4,10","3,05","4,97","3,67","4,09","4,01","2,39","5,00","2,33","5,98","7,14","7,29","3,43","3,88","3,88","4,06","1,97","6,31","5,46","3,17","3,28","4,73","3,19","2,23","0,00","2,23","2,50","5,00","4,32","3,94","4,20","3,64","0,00","5,06","3,50",scotchamp
3,Dundee United,"1,73","3,92","3,39","2,48","5,71","1,68","2,26","1,42","1,81","4,06","3,27","5,83","0,00","4,78","3,05","3,33","3,04","3,96","3,88","4,64","4,65","3,69","3,66","3,79","1,65","2,03","3,14","4,99","0,00","2,59","1,45","7,03","3,81","7,05","2,10","0,74","2,80","2,10","0,15",scotchamp
4,Eibar,"3,12","6,45","3,73","3,82","3,90","3,46","3,13","4,56","5,12","3,49","5,55","6,55","0,00","2,92","2,27","4,08","2,92","4,10","4,33","3,25","0,00","2,59","3,39","3,73","1,39","4,12","5,12","6,07","6,33","1,24","1,90","4,95","4,43","4,40","5,19","3,64","0,00","2,46","0,68",spain2
12,Ein Frankfurt,"7,59","4,41","6,53","4,07","4,45","3,73","3,51","4,19","5,18","2,11","2,66","2,50","0,00","8,36","9,09","6,73","7,96","5,21","3,34","2,69","0,00","3,80","3,28","4,55","4,75","5,20","2,21","3,55","2,83","4,38","4,15","7,17","6,59","5,15","2,65","3,21","0,00","4,08","1,07",bundesliga
10,Elche,"1,40","4,02","3,87","8,44","6,33","6,06","5,02","6,18","4,54","3,78","5,09","4,45","0,00","4,07","3,05","1,96","2,87","1,63","9,86","7,89","0,00","2,21","0,60","5,05","4,54","5,36","5,13","4,99","2,33","1,87","2,85","3,15","2,24","2,38","8,28","5,45","0,00","1,69","0,87",spain2
11,Eldense,"1,55","5,62","4,99","5,06","4,69","4,41","1,72","3,75","3,93","4,27","4,73","5,30","2,00","4,23","4,00","4,41","3,51","2,40","6,46","4,31","0,00","4,49","4,10","3,21","2,80","4,62","3,19","6,42","6,33","1,58","1,90","7,92","6,14","5,61","8,06","3,94","0,00","3,58","3,11",spain2
12,Elversberg,"9,19","6,80","6,46","7,93","3,15","4,43","5,22","5,93","4,77","7,46","3,54","5,00","0,00","6,53","3,77","6,55","4,92","6,80","7,31","2,33","0,00","4,30","2,73","4,67","4,54","6,15","0,82","2,73","0,00","2,98","2,15","4,36","3,60","7,22","3,80","5,09","2,80","1,69","1,55",bundesliga2
3,Empoli,"1,45","5,34","4,89","0,35","4,36","2,10","0,00","0,37","0,40","1,82","4,34","2,85","2,33","0,76","0,64","5,00","1,14","5,33","5,41","1,67","0,00","1,94","0,00","2,21","2,23","2,91","7,73","6,63","0,00","3,08","5,00","6,89","3,41","6,36","4,34","1,53","0,00","2,10","1,07",seriea
13,Espanol,"3,34","6,89","3,82","4,42","3,62","1,63","1,48","2,50","1,36","3,85","4,82","6,25","0,00","3,47","3,05","5,45","4,65","3,59","7,46","4,64","0,00","4,94","4,54","2,60","0,39","3,20","4,93","5,38","0,00","1,11","0,00","7,11","8,87","6,36","3,55","2,19","0,00","6,33","7,09",laliga
5,Estoril,"4,68","8,76","3,70","1,73","1,84","2,38","2,29","0,99","0,91","3,42","5,91","8,32","0,00","2,61","3,05","5,89","4,65","5,86","5,38","0,94","2,39","4,30","3,66","1,99","1,26","3,32","4,29","4,69","0,00","0,67","0,00","6,11","5,59","7,09","6,12","3,64","0,00","3,88","3,35",portugal
18,Estrela,"3,22","6,71","3,83","4,77","3,80","3,70","3,16","2,82","0,91","3,22","4,45","5,42","0,00","3,47","3,05","5,45","4,92","4,16","8,36","3,72","2,39","4,94","3,66","2,51","2,02","4,69","4,88","4,16","0,00","0,67","1,00","4,30","6,41","7,58","7,65","4,15","0,00","5,65","5,29",portugal
4,Everton,"6,67","2,90","6,26","0,97","5,06","3,83","4,36","3,89","2,50","3,22","2,09","2,92","2,83","2,17","0,00","6,00","4,39","5,10","0,90","0,00","2,39","4,30","1,80","4,81","3,49","4,51","4,05","2,65","0,00","1,79","4,15","4,24","4,09","5,76","4,20","1,93","0,00","3,58","1,89",prem
1,FC Koln,"7,06","3,87","7,18","7,44","6,05","5,47","5,82","9,38","5,85","6,36","3,56","5,35","0,00","5,59","4,55","2,81","3,43","3,07","1,45","4,83","1,97","4,68","3,11","6,45","6,65","6,79","3,80","3,98","0,00","3,96","5,00","3,21","3,86","3,13","2,50","5,34","0,00","4,08","1,89",bundesliga2
6,Famalicao,"2,89","5,90","3,58","3,59","4,29","5,91","5,42","1,74","2,05","3,85","4,00","5,00","0,00","1,75","2,27","5,45","4,12","4,72","7,46","4,64","0,00","1,79","0,00","3,44","3,78","3,87","3,70","3,63","0,00","3,78","4,00","3,06","3,68","4,18","9,35","9,24","0,00","2,10","2,38",portugal
7,Farense,"4,30","8,86","4,25","1,43","1,73","3,10","1,94","2,26","1,09","3,38","6,04","5,00","0,00","1,57","0,91","6,87","5,72","4,98","2,63","4,36","2,82","6,84","5,46","3,43","2,23","4,05","5,77","4,43","0,00","0,49","0,85","5,85","4,09","6,36","4,91","4,48","0,00","3,08","2,72",portugal
5,Ferrol,"3,26","6,35","3,48","4,95","4,10","4,37","4,30","3,60","1,06","4,49","4,91","5,27","3,67","1,75","1,00","5,00","4,82","3,27","7,37","5,42","0,00","3,46","2,40","3,08","0,34","3,59","3,68","1,78","0,00","0,93","0,85","5,56","2,05","3,94","9,15","4,07","0,00","2,60","1,07",spain2
2,Feyenoord,"6,05","2,42","7,34","8,00","7,75","6,74","8,23","7,00","3,41","6,60","3,09","3,75","0,00","4,78","4,55","1,22","2,79","2,27","6,72","3,25","0,00","3,04","2,73","7,12","7,60","8,11","1,56","2,73","2,33","7,05","5,70","1,94","3,02","1,16","3,44","3,64","0,00","2,10","1,55",ered
14,Fiorentina,"2,75","4,58","2,67","7,72","5,81","4,84","6,10","4,43","5,69","3,64","2,55","4,58","0,00","6,08","4,55","4,67","5,19","3,59","9,86","6,94","4,65","3,04","4,54","4,60","4,36","3,79","3,87","3,47","2,33","4,46","5,00","2,99","2,63","1,16","5,98","3,28","5,80","0,83","2,23",seriea
6,Fleetwood Town,"6,42","2,39","5,90","5,01","6,85","3,40","4,23","5,05","3,32","5,09","2,31","4,28","0,00","2,25","3,23","3,47","1,83","3,24","4,39","5,64","0,00","1,94","0,77","3,56","3,10","4,18","3,34","6,13","0,00","4,82","4,30","4,20","3,41","5,50","3,92","2,90","0,00","3,37","2,91",leagueTwo
10,For Sittard,"5,90","1,80","6,39","1,53","6,39","3,95","4,30","2,11","1,95","2,74","2,24","4,28","0,00","3,73","1,95","3,76","3,89","3,88","3,49","2,06","0,00","3,57","3,11","4,72","2,86","5,65","2,08","1,33","2,83","1,37","1,65","6,04","5,01","5,96","4,20","2,37","3,40","4,08","1,89",ered
13,Fortuna Dusseldorf,"7,11","4,05","7,42","4,66","5,00","5,37","5,03","6,44","4,87","6,36","2,00","5,35","2,33","2,61","1,32","6,14","5,95","3,73","1,83","3,25","0,00","5,74","2,35","4,38","3,49","5,88","2,45","3,98","0,00","4,38","2,50","4,24","4,54","4,34","6,46","4,07","10,00","0,62","1,89",bundesliga2
3,Freiburg,"6,74","1,98","3,73","4,98","7,27","2,47","7,21","4,70","3,55","4,40","1,35","3,50","0,00","4,18","3,64","3,67","1,88","3,17","5,31","3,25","0,00","3,80","4,37","4,29","3,28","3,14","0,49","0,90","5,50","1,79","0,85","3,96","5,01","3,13","2,65","2,37","0,00","3,58","1,89",bundesliga
9,Frosinone,"4,16","7,96","3,68","4,49","2,79","4,12","3,77","4,87","3,32","2,37","5,98","6,42","4,83","1,49","1,32","4,91","5,26","5,02","6,18","4,44","4,08","3,57","1,58","3,49","1,84","3,99","6,08","4,62","2,33","1,11","1,45","4,20","5,17","3,42","7,19","4,73","0,00","3,79","2,23",serieb
13,Fulham,"7,97","4,76","5,99","6,62","4,87","3,68","4,66","6,78","6,59","5,76","3,46","7,50","2,83","4,36","4,55","4,22","3,85","3,20","5,07","1,86","2,39","6,20","3,66","4,64","2,86","5,42","3,19","3,10","0,00","2,67","2,50","4,62","4,09","4,75","3,07","2,80","3,40","2,10","1,07",prem
6,Genk,"0,32","2,20","3,73","6,24","7,50","6,06","5,27","6,65","6,30","4,59","1,86","2,80","0,00","5,87","2,82","3,83","3,12","2,13","3,66","6,03","3,52","1,60","1,37","7,05","6,89","6,53","4,40","2,73","2,33","4,46","5,00","4,04","3,41","2,04","3,80","3,28","0,00","5,06","5,73",jupiler
1,Genoa,"4,32","6,72","2,48","3,09","3,60","1,49","3,67","3,35","3,25","2,37","3,97","5,62","0,00","2,61","1,14","6,25","6,92","4,10","5,22","4,31","0,00","5,89","3,39","3,13","1,26","3,59","4,73","4,16","0,00","1,19","1,00","5,66","2,86","3,94","1,54","3,13","0,00","5,06","1,41",seriea
16,Gent,"2,87","5,86","3,56","5,20","4,52","1,88","2,13","4,87","5,65","3,82","3,56","3,93","0,00","5,98","6,50","5,95","7,10","4,20","4,39","4,06","1,97","2,51","2,35","2,56","2,02","3,25","3,19","5,76","4,17","1,92","1,90","7,78","7,50","5,45","3,17","3,64","0,00","3,58","1,31",jupiler
14,Getafe,"0,97","3,44","3,94","5,47","6,44","4,37","3,52","3,35","1,36","2,85","6,64","5,95","0,00","2,30","1,14","0,00","0,30","1,00","9,26","7,08","0,00","1,14","1,37","4,81","2,02","4,05","6,13","5,76","2,83","0,93","0,00","3,87","4,09","3,54","5,61","5,34","3,40","2,60","3,50",laliga
11,Gil Vicente,"1,49","3,67","3,48","5,64","6,28","3,10","3,27","3,55","3,27","2,88","2,44","6,00","0,00","4,70","4,55","3,67","3,48","3,40","8,36","4,92","2,82","3,04","2,19","2,65","2,23","1,30","4,17","4,43","2,83","1,79","2,50","5,28","4,77","6,36","7,74","2,80","0,00","6,04","4,32",portugal
7,Gillingham,"7,32","3,16","4,47","2,87","5,38","2,22","4,96","2,32","1,81","3,78","3,46","5,55","3,67","3,76","1,50","4,33","2,87","3,27","5,07","2,94","1,55","2,62","1,80","3,27","1,48","3,59","3,98","3,87","0,00","1,11","2,15","3,56","2,82","3,94","2,71","3,99","2,80","1,69","2,23",leagueTwo
20,Girona,"2,01","3,13","2,40","3,96","6,51","3,26","5,27","2,57","2,92","3,46","2,86","5,00","0,00","5,59","5,18","3,38","2,98","2,11","5,29","4,44","4,08","4,68","4,70","2,97","2,38","4,57","3,66","3,47","2,33","1,48","2,15","4,04","2,24","2,90","5,13","4,73","0,00","2,51","1,55",laliga
7,Go Ahead Eagles,"6,81","2,57","4,92","3,60","6,22","3,36","6,42","5,33","5,46","4,36","2,78","3,23","0,00","4,86","1,95","3,86","2,74","3,07","1,96","1,67","1,97","5,21","4,70","4,55","1,39","6,79","1,72","3,55","0,00","1,79","0,85","3,49","3,86","3,33","2,22","2,80","0,00","3,58","4,32",ered
1,Granada,"2,82","5,95","3,70","5,73","4,51","4,48","4,02","6,18","5,31","4,06","4,36","6,95","0,00","4,07","3,05","3,81","4,47","4,28","4,78","4,47","1,55","4,30","3,06","3,86","3,46","2,41","4,19","8,41","7,17","4,07","1,45","3,88","3,22","3,94","8,16","2,90","0,00","2,96","2,23",spain2
8,Greuther Furth,"7,15","4,84","9,19","4,01","3,99","5,68","1,64","4,87","3,12","4,01","3,40","4,65","0,00","2,98","1,95","6,53","6,19","3,24","4,27","2,44","0,00","7,95","6,23","5,50","4,33","4,05","4,05","4,88","0,00","4,82","5,85","7,45","6,82","6,76","5,19","7,02","3,40","4,08","3,50",bundesliga2
19,Grimsby,"7,39","3,82","5,81","3,97","5,03","2,80","3,13","1,99","2,56","3,64","2,88","5,00","4,17","2,92","2,27","4,83","4,31","3,68","7,69","4,64","0,00","6,84","3,39","2,93","2,16","1,77","3,80","5,76","0,00","2,51","3,35","5,47","4,77","5,15","5,05","4,76","2,20","2,43","4,32",leagueTwo
1,Groningen,"7,41","3,09","3,97","2,70","5,40","1,05","3,56","1,74","2,73","3,64","2,64","5,00","0,00","3,05","3,05","4,89","4,12","4,53","4,93","4,64","2,39","2,40","1,80","2,23","2,19","2,03","2,72","3,47","4,83","1,48","1,45","6,30","6,33","6,19","2,95","1,83","2,80","7,16","5,00",ered
16,Guimaraes,"2,39","5,71","4,02","4,98","4,61","5,73","4,49","1,74","2,18","5,93","5,27","7,50","0,00","3,13","2,73","2,33","2,84","4,53","8,18","5,47","0,00","3,80","1,09","4,03","3,49","5,42","5,27","5,31","0,00","2,23","1,65","2,73","1,81","4,75","8,02","7,89","6,60","1,60","1,07",portugal
15,Hamburg,"7,43","4,82","8,09","4,84","4,26","5,16","3,02","4,50","5,06","4,36","3,09","5,00","2,33","6,71","7,77","4,91","5,50","6,95","3,24","4,44","0,00","3,57","0,00","5,50","4,75","4,73","4,42","3,55","2,83","3,96","3,35","6,89","5,23","3,73","5,05","4,07","3,40","4,56","1,89",bundesliga2
2,Hannover,"7,34","4,86","8,53","6,32","4,68","4,68","0,96","5,15","5,65","4,73","5,51","5,72","0,00","4,46","2,59","3,86","3,65","2,75","6,83","4,83","1,97","1,41","0,77","4,72","2,65","5,42","4,05","4,88","0,00","1,79","2,50","7,74","7,05","8,18","5,47","4,48","0,00","3,08","2,72",bundesliga2
8,Harrogate,"7,95","4,21","4,72","2,23","4,09","1,52","2,86","2,03","2,73","4,06","3,40","3,90","0,00","2,61","2,55","6,04","4,65","5,16","4,08","3,25","0,00","4,71","3,06","2,24","2,17","3,07","3,47","1,78","0,00","1,92","1,90","7,36","5,62","5,15","3,17","2,67","0,00","2,84","1,89",leagueTwo
1,Hearts,"2,45","4,49","2,97","4,21","5,47","3,03","4,09","5,07","3,18","5,13","3,27","3,33","0,00","3,05","1,50","4,22","3,32","4,34","2,54","6,03","0,00","4,30","0,93","3,28","1,07","6,68","3,84","6,42","2,00","2,23","1,90","4,95","4,43","3,64","2,97","3,33","0,00","5,06","4,32",scotchamp
11,Heerenveen,"6,78","2,33","4,43","4,07","6,62","1,77","4,08","4,85","4,54","4,49","3,54","5,42","0,00","4,78","3,05","2,00","1,71","3,59","2,83","2,78","4,65","1,14","2,73","3,56","2,56","3,40","3,56","2,33","0,00","0,39","0,70","6,30","8,28","4,29","3,07","0,00","0,00","8,88","6,41",ered
17,Heidenheim,"7,50","4,35","6,73","5,23","4,87","4,00","3,64","4,96","3,27","3,13","2,98","2,50","0,00","2,61","1,82","5,80","3,48","4,53","6,57","5,47","0,00","4,56","2,19","4,47","3,91","2,22","4,17","5,31","2,83","3,96","4,15","4,91","6,59","5,15","4,77","4,91","3,40","5,56","5,15",bundesliga
15,Heracles,"8,30","5,03","5,41","4,83","4,04","2,57","3,57","4,77","3,32","5,09","2,70","3,57","2,33","4,10","4,55","7,38","6,19","4,37","4,52","2,44","0,00","5,21","2,35","2,65","1,39","4,05","4,29","2,23","0,00","0,93","2,50","6,98","6,82","3,13","5,47","1,09","0,00","6,04","2,72",ered
3,Hertha,"6,91","4,27","8,72","2,48","4,10","5,73","2,85","3,03","3,32","4,36","4,26","7,50","0,00","3,37","0,64","4,24","5,03","4,37","2,86","3,25","4,08","5,74","5,46","5,76","6,65","7,02","5,15","5,31","0,00","5,26","4,15","5,09","3,64","5,36","3,35","7,02","0,00","4,08","5,15",bundesliga2
10,Hibernian,"3,21","5,25","2,65","4,25","4,88","3,42","4,97","3,58","2,14","4,91","3,40","5,00","4,83","2,98","1,95","4,43","3,89","4,37","4,90","5,22","1,97","4,68","3,88","4,47","1,39","5,20","3,31","2,23","5,50","1,37","1,65","4,81","2,96","3,73","3,07","4,07","0,00","5,06","3,50",scotchamp
4,Hoffenheim,"8,44","5,52","6,09","5,38","3,70","2,94","2,80","4,75","5,91","3,42","2,82","4,17","2,83","6,08","6,05","6,67","7,60","4,72","5,52","3,25","2,39","9,39","7,27","2,92","2,52","4,42","3,26","5,76","0,00","1,19","1,00","6,23","4,23","5,88","5,61","2,11","0,00","2,69","3,35",bundesliga
13,Holstein Kiel,"8,75","6,50","7,33","1,38","1,44","3,45","1,05","1,42","2,73","1,73","4,00","5,00","0,00","1,75","1,50","8,33","8,93","6,60","4,48","5,56","0,00","10,00","9,13","4,07","3,78","4,14","4,73","5,23","6,67","3,78","2,00","7,36","5,87","6,85","2,90","5,67","4,00","5,65","7,23",bundesliga
12,Huesca,"4,48","8,03","3,34","1,49","2,39","3,53","3,86","1,42","1,88","2,21","4,39","8,12","6,33","4,91","4,55","6,59","5,53","5,80","2,88","4,64","1,69","3,99","2,08","3,60","2,50","2,39","4,57","4,75","0,00","1,58","0,60","4,81","3,25","3,64","6,56","3,94","2,40","2,10","2,48",spain2
4,Hull,"6,55","2,80","6,46","3,30","5,88","4,05","4,37","2,95","2,05","4,76","2,55","2,80","0,00","2,61","2,82","4,33","4,12","4,67","4,10","4,64","0,00","3,50","2,73","4,90","2,50","5,13","3,65","3,42","0,00","2,23","1,25","5,03","4,26","4,24","3,92","3,94","0,00","3,58","2,48",championship
12,Inter,"2,37","3,39","2,17","7,03","6,66","5,21","7,27","6,06","5,27","8,00","2,86","3,93","0,00","5,98","6,50","3,29","3,89","2,42","4,65","1,28","1,97","4,14","3,88","5,42","5,80","3,59","3,31","1,78","0,00","6,11","6,65","2,26","1,81","1,31","5,47","1,93","3,40","1,60","1,07",seriea
3,Inverness C,"2,25","0,53","0,00","2,47","8,37","2,10","8,48","1,34","3,07","3,32","2,48","5,30","0,00","2,30","2,27","0,50","0,72","2,55","5,90","3,58","3,52","1,14","2,08","2,82","2,65","3,14","2,21","1,78","0,00","1,79","2,50","0,57","2,50","3,33","3,77","1,93","3,40","3,08","1,07",scotl1
2,Ipswich,"7,76","4,46","6,02","3,17","4,12","2,26","1,45","2,92","2,05","4,27","3,27","5,83","2,83","2,17","2,27","5,45","5,72","5,10","5,52","1,39","0,00","4,94","5,46","2,30","2,02","3,83","4,79","5,31","2,83","3,08","5,00","7,17","7,27","6,57","3,49","3,21","0,00","6,04","5,92",prem
19,Juve Stabia,"4,18","7,88","3,59","5,44","2,96","4,07","3,87","3,86","2,73","4,73","5,82","5,72","2,33","2,61","2,59","5,76","5,26","3,40","7,46","4,06","4,08","4,68","3,88","2,60","2,56","2,41","5,03","6,13","2,33","1,87","2,15","3,56","2,44","4,63","8,52","5,83","5,80","1,69","2,23",serieb
10,Juventus,"1,38","1,85","2,13","3,95","7,51","2,99","5,52","4,77","3,70","5,09","3,02","6,08","2,33","3,37","3,23","1,38","0,45","2,42","2,86","2,86","1,97","0,87","1,58","3,51","3,06","3,59","3,80","1,33","0,00","4,82","5,00","2,55","2,05","5,55","2,93","3,64","0,00","1,12","1,89",seriea
10,Kaiserslautern,"8,36","5,77","6,98","7,93","4,23","4,11","3,30","5,60","6,59","6,82","2,73","5,00","0,00","6,53","6,82","5,78","7,32","5,29","6,12","5,56","7,04","6,84","5,46","4,38","3,28","3,00","4,71","6,13","0,00","2,59","0,70","4,53","4,97","5,84","5,73","5,45","0,00","2,51","0,87",bundesliga2
4,Karlsruhe,"7,81","4,43","5,76","4,01","4,41","3,84","5,53","3,78","3,64","4,91","3,18","7,92","0,00","5,67","5,32","5,33","6,52","3,40","3,14","3,72","0,00","6,20","4,54","4,45","2,74","6,93","1,77","3,47","0,00","4,46","3,55","4,93","4,19","3,25","1,86","3,99","0,00","3,79","4,32",bundesliga2
9,Kelty Hearts,"1,22","2,02","2,48","0,56","6,98","3,42","5,27","0,67","2,73","4,49","2,37","3,33","2,83","3,47","2,27","2,67","2,52","4,16","2,69","0,00","2,39","2,40","0,93","3,08","4,22","4,97","2,36","3,10","0,00","4,51","4,40","2,90","3,75","7,72","4,13","3,33","2,40","2,10","1,31",scotl1
12,Kilmarnock,"3,30","6,19","3,31","4,40","4,17","4,56","4,77","4,45","1,91","2,88","3,42","5,00","3,33","2,61","0,00","5,67","6,68","4,30","5,85","6,03","0,00","6,08","4,37","4,51","1,87","6,34","2,00","2,10","8,33","2,88","2,50","5,31","3,93","5,30","5,19","2,37","2,40","5,41","4,32",scotchamp
7,Kortrijk,"2,40","4,13","2,74","3,01","5,61","1,65","3,36","3,49","3,90","5,09","2,70","5,00","0,00","2,25","1,32","4,91","4,34","3,24","3,37","2,86","1,97","3,57","3,11","1,98","0,91","4,28","2,17","3,77","2,00","0,93","1,25","6,86","5,46","6,82","3,39","3,33","0,00","6,89","3,74",jupiler
6,La Coruna,"2,30","4,80","3,41","5,77","5,41","5,00","4,95","5,60","3,25","6,97","3,23","4,38","0,00","1,62","0,55","4,00","4,31","4,96","5,67","2,56","0,00","2,59","2,73","4,77","5,49","4,80","1,53","0,45","0,00","4,17","3,10","5,59","4,09","5,45","6,04","3,64","0,00","3,58","4,32",spain2
4,Las Palmas,"3,05","6,10","3,54","5,02","4,31","2,76","2,89","3,86","2,54","3,82","3,95","5,72","0,00","3,37","2,59","5,57","4,34","3,07","5,93","6,03","10,00","5,21","3,88","2,82","3,46","3,00","2,92","6,13","0,00","2,98","2,15","6,79","4,97","5,84","5,01","2,90","2,80","5,06","2,91",laliga
8,Lazio,"1,05","3,48","3,87","5,61","6,43","5,84","4,85","4,59","4,49","4,01","3,87","6,42","0,00","6,34","4,55","1,76","1,14","3,07","4,78","6,42","6,06","2,51","3,88","5,07","4,96","6,34","3,92","4,43","5,50","4,38","4,15","4,34","2,96","3,13","5,76","5,34","6,60","3,08","0,29",seriea
1,Le Havre,"4,18","7,31","3,13","1,80","2,99","2,89","3,70","1,96","2,28","1,31","3,27","5,00","0,00","2,17","0,77","6,78","7,60","6,04","5,07","4,64","2,39","8,75","6,39","2,82","1,60","3,59","2,95","3,10","5,50","1,79","1,65","5,94","4,09","5,55","5,05","4,07","3,40","3,08","1,07",ligue1
9,Lecce,"3,95","7,17","3,31","6,28","3,61","2,45","3,04","4,64","2,50","1,95","2,64","2,50","8,33","2,17","1,50","7,22","7,32","5,47","10,00","5,11","7,04","7,49","5,46","4,01","2,56","3,59","3,77","3,47","0,00","0,00","0,00","5,58","4,00","6,88","3,44","2,19","2,80","2,51","2,23",seriea
5,Leeds,"6,49","2,55","6,03","8,82","7,87","4,48","6,32","7,29","5,98","8,24","3,57","3,75","0,00","5,54","4,55","0,92","0,51","1,83","6,68","2,92","1,69","1,60","2,08","5,22","3,43","4,44","4,29","4,43","0,00","3,21","2,50","1,41","1,02","3,19","4,55","3,33","2,40","1,75","2,48",championship
16,Leganes,"2,23","4,89","3,56","0,00","4,67","2,67","2,78","0,37","0,78","0,00","3,95","4,65","0,00","2,25","0,00","5,09","4,34","3,88","5,55","1,28","1,97","3,04","1,58","2,08","1,48","1,82","4,82","4,24","0,00","2,23","2,85","5,90","4,97","5,84","6,34","4,73","0,00","4,20","1,55",laliga
10,Leicester,"8,66","6,11","6,73","1,17","1,77","3,47","2,48","0,57","0,00","0,88","4,18","7,92","0,00","2,61","1,50","7,45","5,99","6,99","5,97","4,17","0,00","4,94","4,54","4,03","3,69","3,59","1,96","4,43","0,00","3,52","1,65","8,02","6,59","6,76","3,92","4,07","6,60","6,04","5,15",prem
14,Lens,"1,86","4,78","3,93","4,21","5,24","3,31","2,66","5,82","5,69","5,97","4,63","5,42","5,50","2,61","2,27","3,67","2,79","2,07","2,24","1,86","0,00","3,69","0,93","4,21","3,06","4,73","7,61","6,21","2,83","2,67","3,35","3,77","3,86","3,94","3,49","1,93","0,00","1,60","1,89",ligue1
13,Levante,"2,54","6,22","4,26","6,34","4,36","3,54","2,27","5,28","3,86","4,27","3,54","5,42","0,00","4,78","3,77","5,78","5,45","4,16","5,52","7,89","4,65","3,04","3,66","3,54","4,39","4,28","5,03","3,10","0,00","2,23","4,40","7,07","3,93","4,85","5,29","2,37","0,00","2,46","0,05",spain2
16,Leverkusen,"6,41","2,69","6,67","10,00","8,08","4,71","5,34","10,00","8,19","10,00","1,46","5,83","0,00","6,53","6,82","2,00","2,52","1,13","3,14","3,72","2,39","6,20","7,27","5,83","5,55","5,24","2,38","1,51","0,00","5,34","7,00","5,55","5,05","2,97","3,07","1,09","0,00","3,28","1,41",bundesliga
12,Lille,"2,71","4,35","2,54","2,34","5,37","4,58","6,12","2,28","2,73","2,79","4,00","6,25","0,00","4,36","3,77","3,00","4,39","3,77","4,18","2,78","0,00","4,30","4,54","5,33","4,54","3,83","3,19","4,43","0,00","3,52","3,35","2,93","2,96","2,52","4,49","3,64","6,60","0,62","0,29",ligue1
20,Liverpool,"7,42","4,41","7,18","5,38","4,85","6,16","7,33","5,07","7,27","4,06","3,27","5,00","0,00","4,78","4,55","4,67","3,04","5,86","4,62","6,03","0,00","1,14","0,93","6,02","5,17","7,94","3,43","3,55","0,00","5,26","5,00","1,70","2,73","1,12","3,64","6,18","0,00","1,60","1,89",prem
12,Luton,"7,80","4,54","6,06","4,85","4,55","3,30","3,66","3,03","2,43","6,46","4,00","5,27","1,83","3,76","2,55","4,78","4,47","3,90","6,07","3,56","1,55","4,30","2,40","3,63","2,91","7,52","4,61","4,62","4,83","1,48","2,15","5,50","5,74","3,59","2,34","4,73","0,00","5,06","2,91",championship
11,Lyon,"2,56","4,95","3,21","3,87","5,07","4,68","5,03","4,75","7,27","5,13","2,64","4,58","0,00","4,78","3,05","5,11","6,25","4,53","1,79","3,72","4,65","5,59","0,93","4,29","3,28","6,34","3,56","1,33","0,00","3,08","2,50","4,62","3,86","3,33","5,47","3,64","0,00","2,10","2,72",ligue1
1,M'gladbach,"7,83","4,98","7,03","3,74","3,75","4,40","3,82","4,75","6,14","3,22","3,36","4,58","0,00","5,67","5,32","7,55","6,52","3,40","2,69","2,33","2,39","4,94","3,66","5,52","5,04","4,14","3,56","2,57","0,00","1,71","0,00","5,89","4,23","4,42","5,11","3,13","0,00","2,10","1,41",bundesliga
0,MEANbundesliga,"7,25","3,66","5,96","4,88","5,48","3,34","3,98","4,86","4,68","4,50","2,80","4,50","1,00","4,46","3,64","4,71","4,84","3,51","4,32","4,03","2,11","4,98","4,15","4,15","3,85","3,73","3,18","3,85","2,50","3,55","3,80","5,57","5,36","4,76","3,47","3,13","1,20","4,20","3,35",bundesliga
0,MEANbundesliga2,"7,72","4,83","7,06","5,31","4,39","4,33","3,58","4,94","4,41","4,90","3,33","5,85","1,33","4,36","3,55","5,27","5,14","4,52","4,72","4,75","1,41","4,94","3,39","4,59","4,09","4,95","3,51","4,54","1,67","3,52","3,10","5,64","5,09","5,14","4,29","4,50","1,60","4,08","3,25",bundesliga2
0,MEANchampionship,"7,15","3,41","5,72","4,63","5,66","3,10","4,00","4,12","3,38","5,06","3,08","4,85","0,67","3,73","2,95","3,89","3,16","4,17","4,92","3,92","0,99","3,19","2,57","3,52","2,52","4,53","3,67","3,74","1,17","2,33","2,35","4,92","4,07","5,30","3,90","3,49","0,80","3,37","2,62",championship
0,MEANered,"7,04","3,03","5,22","3,78","5,79","3,00","4,94","4,43","4,07","4,11","2,56","3,62","1,83","4,41","3,27","4,46","3,99","4,08","3,42","2,53","1,41","3,99","3,01","3,96","3,18","4,42","2,44","2,41","1,67","2,88","2,75","5,20","4,75","4,39","3,09","2,24","2,20","4,14","2,96",ered
0,MEANjupiler,"2,34","4,55","3,15","4,95","5,52","3,25","3,97","4,85","4,53","4,68","2,75","4,58","0,50","4,62","3,45","4,81","4,50","3,96","4,40","3,92","1,83","3,08","2,84","4,23","3,58","4,28","3,25","3,74","2,17","2,25","2,60","5,56","5,21","4,93","3,38","3,21","0,60","4,38","3,16",jupiler
0,MEANlaliga,"2,55","4,81","3,10","4,42","5,25","3,48","4,24","3,68","3,41","4,21","3,81","5,80","1,50","3,92","2,95","3,94","3,14","3,45","5,36","4,53","1,69","3,31","2,46","3,55","2,51","3,66","4,04","4,32","2,00","2,41","2,25","4,53","4,09","4,48","5,04","4,45","1,80","3,58","2,62",laliga
0,MEANleagueTwo,"7,10","3,27","5,55","3,82","5,55","3,21","4,62","3,46","3,07","4,10","3,18","4,80","1,50","3,39","2,95","4,01","3,27","3,92","4,81","4,14","0,70","3,73","2,68","3,61","2,61","4,22","3,59","3,95","0,83","2,69","2,45","4,34","3,75","4,38","4,06","3,44","1,80","2,99","2,62",leagueTwo
0,MEANligue1,"2,92","5,19","2,96","3,84","4,88","3,89","4,82","3,53","4,22","3,44","3,54","5,05","1,83","4,15","3,18","4,60","4,68","4,03","5,05","3,56","1,41","4,49","3,77","4,07","3,72","4,36","3,78","3,40","1,67","3,21","3,45","4,40","4,90","3,75","4,61","3,69","2,20","3,85","2,86",ligue1
0,MEANportugal,"2,83","5,81","3,58","4,65","4,49","4,20","4,01","3,56","3,21","4,33","4,56","5,88","0,83","3,81","3,27","4,29","3,53","3,79","5,91","4,64","1,13","3,46","2,62","3,83","2,81","4,07","4,49","4,43","1,33","2,51","2,40","4,43","3,89","4,59","6,21","4,53","1,00","3,46","2,96",portugal
0,MEANprem,"7,71","4,78","6,98","4,49","4,19","4,52","4,19","4,50","4,30","4,71","3,40","6,18","1,17","3,94","3,27","5,43","4,65","4,81","4,01","4,42","1,13","4,45","3,39","4,71","3,69","5,31","2,93","4,22","1,33","3,19","3,10","5,25","4,98","4,96","4,39","4,83","1,40","3,61","2,96",prem
0,MEANscotchamp,"2,66","5,06","3,17","4,50","5,06","3,68","4,28","4,29","3,36","4,58","3,11","4,62","1,50","4,31","3,27","4,67","3,53","4,62","4,32","4,14","2,11","3,88","2,95","4,12","2,81","5,08","3,18","3,95","2,50","2,80","2,70","5,07","4,04","4,84","3,95","3,26","1,80","4,02","2,96",scotchamp
0,MEANscotl1,"2,70","2,90","1,37","1,87","6,44","2,37","6,32","1,27","2,69","5,05","2,74","4,58","2,17","3,34","2,45","2,80","3,75","4,14","3,44","2,78","1,83","3,16","2,62","2,66","2,99","4,50","2,46","2,65","2,17","2,31","2,40","2,42","3,37","5,28","3,38","3,21","2,60","2,93","2,09",scotl1
0,MEANseriea,"2,59","4,91","3,13","4,28","5,16","3,63","4,31","3,82","3,12","3,78","3,50","4,50","2,00","3,73","2,91","4,58","3,94","3,58","5,44","3,86","1,97","4,18","3,66","4,05","3,14","3,81","4,10","3,69","2,33","3,01","3,35","4,65","3,81","4,07","4,55","3,13","2,40","3,37","2,57",seriea
0,MEANserieb,"2,76","6,40","4,14","5,29","4,10","4,56","3,32","4,54","3,74","3,56","5,10","5,85","1,33","3,37","3,00","4,57","3,69","3,57","6,57","4,89","1,69","3,23","2,51","4,04","2,94","3,80","5,03","4,67","2,00","2,36","2,30","5,29","4,42","3,87","7,04","4,50","1,60","2,96","2,67",serieb
0,MEANspain2,"2,58","5,91","3,96","5,31","4,49","4,20","3,34","4,64","3,83","4,01","4,68","5,32","1,33","3,50","2,82","4,33","4,09","3,71","6,08","5,06","1,83","3,46","2,57","3,85","3,25","3,98","4,63","4,83","2,17","2,51","2,35","5,38","4,52","4,29","6,39","3,97","1,60","3,11","2,48",spain2
5,Magdeburg,"7,50","4,55","7,20","7,10","5,24","3,40","1,22","6,36","5,69","8,09","3,27","7,50","0,00","2,61","3,77","4,22","3,85","2,83","5,07","4,17","2,39","4,94","5,46","3,86","3,64","3,79","4,29","5,76","7,17","5,18","4,30","7,11","6,33","7,05","2,95","4,38","2,80","2,51","2,91",bundesliga2
5,Mainz,"7,59","4,25","6,14","4,69","4,80","2,50","1,71","4,43","3,41","5,76","4,00","6,25","2,83","2,61","2,27","3,89","4,92","3,77","4,18","4,17","7,04","4,94","4,54","3,23","4,04","2,22","3,41","4,16","3,33","5,85","7,00","7,58","6,14","6,85","2,22","3,13","4,00","2,10","2,38",bundesliga
14,Malaga,"3,85","7,50","3,70","5,98","3,32","3,84","3,50","3,67","2,89","2,52","6,23","6,55","2,00","1,96","2,27","5,33","5,91","2,70","9,93","7,08","1,69","1,60","2,08","2,60","2,19","3,79","3,34","3,87","2,33","1,87","0,70","6,23","5,95","4,29","8,28","3,64","0,00","1,69","0,87",spain2
8,Mallorca,"3,51","5,90","2,81","2,30","4,14","3,49","4,75","2,57","3,12","4,91","2,55","4,28","4,83","1,49","0,64","6,71","3,21","6,15","3,88","1,67","4,08","1,41","1,58","3,41","2,91","3,00","4,71","4,24","2,33","2,98","1,45","3,56","2,44","3,77","5,61","4,73","0,00","2,51","0,87",laliga
14,Man City,"5,88","2,30","7,67","8,89","8,15","7,32","8,72","9,25","7,05","9,78","1,82","6,25","0,00","5,22","6,05","1,33","3,59","1,33","2,38","4,17","2,39","5,59","6,39","7,23","5,80","10,00","0,00","3,10","0,00","3,96","5,00","2,45","2,73","1,12","4,06","5,75","0,00","2,60","1,89",prem
1,Man United,"7,82","4,39","5,65","2,49","3,97","4,05","6,24","3,89","3,64","3,85","4,09","7,92","2,83","3,05","1,50","4,89","4,39","4,16","2,24","3,25","0,00","4,30","3,66","5,50","5,17","5,65","2,95","3,55","0,00","2,23","2,50","3,11","3,18","2,73","2,50","3,21","3,40","1,60","1,07",prem
16,Mantova,"4,28","10,00","5,19","4,14","1,15","3,89","0,95","3,46","3,18","2,79","10,00","3,75","0,00","3,05","1,50","5,78","4,12","3,02","5,67","7,42","2,39","1,14","0,00","4,38","2,96","4,28","10,00","4,43","4,17","1,92","0,60","5,38","4,94","3,79","4,34","6,18","0,00","4,32","3,11",serieb
18,Marseille,"3,29","5,02","2,36","1,51","4,75","4,25","6,15","3,42","4,09","1,86","3,31","7,00","10,00","3,13","1,82","5,13","5,40","2,04","2,80","0,47","2,82","6,08","6,56","3,41","4,72","1,25","1,77","3,10","2,33","7,41","6,45","3,56","5,17","4,11","5,98","5,45","5,80","2,10","1,55",ligue1
10,Mechelen,"3,20","5,76","3,08","5,20","4,60","2,22","3,25","4,16","5,98","3,79","2,88","5,30","0,00","7,18","5,09","5,41","4,52","5,10","5,33","3,94","1,69","3,99","4,81","4,15","4,00","2,62","1,56","3,10","2,33","2,98","0,70","6,87","4,77","7,41","2,22","2,19","0,00","2,96","1,55",jupiler
6,Middlesbrough,"6,43","2,42","5,96","8,31","7,84","4,95","7,50","7,14","4,26","6,67","1,86","3,75","2,00","3,92","3,41","1,83","1,91","3,11","5,90","8,81","0,00","3,50","4,10","5,22","5,65","5,65","1,44","2,44","0,00","5,13","5,00","2,20","2,56","3,79","3,92","3,64","2,40","2,84","1,89",championship
4,Milan,"0,70","1,99","3,09","3,52","7,35","5,37","5,82","3,46","4,32","4,49","1,91","3,75","5,50","4,36","6,05","3,33","2,52","2,46","2,83","4,17","2,39","1,79","2,73","5,93","6,22","5,65","3,68","3,10","2,83","3,96","4,15","3,58","3,86","2,52","4,49","3,64","0,00","4,08","2,72",seriea
7,Millwall,"7,38","3,73","5,64","4,44","5,27","3,22","4,44","3,67","3,33","4,20","4,18","5,55","1,83","3,76","2,00","2,93","2,87","4,78","6,47","2,33","0,00","2,21","1,80","3,63","2,91","5,36","3,98","4,24","0,00","1,87","1,45","3,64","3,41","5,50","4,16","2,54","0,00","2,10","2,23",championship
9,Milton Keynes Dons,"6,40","2,19","5,51","2,70","6,34","3,58","5,53","2,32","3,94","3,08","2,43","4,45","1,83","4,36","4,55","3,74","3,94","3,65","4,68","2,03","1,55","3,04","3,06","4,82","5,08","3,00","3,14","1,59","0,00","4,07","4,30","4,61","5,74","2,73","4,04","0,74","0,00","3,37","2,91",leagueTwo
2,Mirandes,"2,13","4,37","3,26","5,54","5,72","3,48","3,97","3,67","1,81","3,92","4,36","3,90","0,00","3,19","3,55","3,52","1,81","3,15","7,66","6,03","1,55","0,91","1,20","2,67","2,74","3,99","5,55","5,76","2,33","1,87","2,85","4,13","4,19","2,90","6,58","3,64","2,80","2,51","1,55",spain2
11,Modena,"4,30","7,18","2,88","5,25","3,49","3,44","4,59","4,23","4,28","5,28","5,82","6,78","0,00","4,46","3,91","4,24","3,65","4,04","4,52","7,22","0,00","4,14","3,88","2,67","2,02","4,18","3,87","3,87","4,83","2,23","2,85","4,28","3,41","3,94","6,46","3,28","0,00","3,79","3,64",serieb
4,Monaco,"1,84","4,11","3,41","5,84","5,96","5,47","5,34","4,23","3,32","3,82","3,87","3,93","2,33","3,73","3,23","2,91","2,74","3,73","7,72","5,22","1,97","2,51","2,35","5,31","5,30","4,69","4,73","3,63","6,67","5,34","5,00","2,94","2,86","2,24","5,45","4,66","0,00","1,51","2,38",ligue1
7,Montpellier,"4,06","8,15","3,95","5,31","2,74","4,10","3,27","2,60","4,09","4,06","4,45","6,67","5,50","3,47","2,27","6,67","7,60","3,40","9,26","4,64","0,00","8,75","8,20","3,60","2,02","5,65","4,17","7,08","2,83","0,93","1,65","6,04","6,14","3,94","6,04","4,48","0,00","7,51","5,15",ligue1
4,Montrose,"4,54","5,12","0,91","2,36","4,77","0,00","5,17","1,10","2,33","6,73","3,02","5,72","2,33","3,73","3,91","5,38","4,34","4,37","3,24","2,44","1,97","3,04","1,58","0,00","0,76","3,00","3,56","3,10","8,33","0,93","1,25","2,99","2,63","4,98","3,32","2,06","2,40","0,98","0,68",scotl1
13,Monza,"4,43","7,21","2,75","2,06","3,09","1,79","3,45","0,82","0,40","1,82","4,96","7,15","2,33","1,85","1,95","6,05","4,58","3,73","7,59","2,44","0,00","4,14","4,70","1,26","2,02","1,77","5,15","4,43","0,00","2,23","2,50","4,62","3,18","4,95","6,18","2,37","0,00","2,60","1,89",seriea
20,Morecambe,"8,01","4,50","5,19","3,65","4,23","2,66","4,26","3,51","2,39","4,43","3,30","4,05","4,17","2,61","2,82","6,08","5,11","3,83","4,88","2,92","0,00","6,84","3,39","2,41","1,74","4,05","3,80","2,81","0,00","2,23","1,65","5,03","4,92","4,21","5,05","3,36","0,00","3,40","3,79",leagueTwo
15,Moreirense,"3,68","7,25","3,70","3,08","3,18","5,63","4,97","2,13","4,09","1,09","6,25","5,50","0,00","4,18","1,82","4,47","2,84","4,98","6,57","6,03","0,00","2,28","2,19","4,47","3,49","3,59","4,05","4,43","5,50","2,67","2,50","3,68","3,64","3,94","10,00","2,37","0,00","4,08","1,89",portugal
2,Motherwell,"2,15","5,66","4,28","3,59","4,49","4,57","3,09","2,60","2,96","4,69","2,55","2,92","5,50","3,05","3,77","6,45","6,52","5,29","5,22","3,25","2,39","3,69","2,73","3,51","2,86","5,65","2,82","3,55","0,00","3,52","2,50","5,94","5,69","7,78","6,18","4,48","6,60","3,58","2,72",scotchamp
18,NAC Breda,"8,11","4,09","3,81","2,77","4,38","1,50","4,91","3,46","3,86","3,00","2,82","4,58","5,50","3,92","2,27","5,78","5,45","5,47","3,88","1,86","2,39","3,69","2,73","2,82","1,65","2,22","1,66","2,73","2,33","1,48","0,70","6,15","5,17","4,29","3,07","2,54","0,00","5,92","2,91",ered
13,Nacional,"4,63","9,57","4,41","4,59","1,54","4,26","2,60","3,19","2,73","2,37","4,59","6,88","0,00","3,26","4,55","8,83","6,92","4,25","6,79","7,42","0,00","7,79","2,73","4,81","2,43","3,36","5,03","4,88","2,83","0,08","0,85","5,19","3,18","6,16","6,89","2,80","0,00","2,10","1,89",portugal
15,Nantes,"3,17","4,56","2,15","2,01","5,16","2,95","5,46","3,67","3,86","4,06","3,82","4,17","2,83","3,05","3,05","3,11","4,65","5,29","1,79","0,47","2,39","4,94","2,73","2,73","3,49","4,51","2,95","3,98","0,00","2,67","3,35","3,11","3,18","5,55","4,91","2,37","0,00","4,08","3,50",ligue1
16,Napoli,"2,04","3,07","2,32","5,01","6,67","3,89","5,94","5,97","3,70","5,64","3,09","3,57","0,00","4,46","2,59","3,38","0,69","2,59","2,35","4,44","1,97","1,94","3,11","3,17","2,02","3,14","3,06","0,45","0,00","3,08","3,35","3,77","2,96","3,54","7,31","2,80","0,00","1,12","0,29",seriea
5,Newcastle,"8,67","6,67","8,06","3,86","2,02","6,31","5,63","2,92","1,81","4,91","4,63","7,08","2,83","2,17","2,27","7,00","5,19","6,99","5,07","6,03","0,00","2,40","2,73","5,50","3,91","6,10","1,10","2,65","0,00","3,08","0,85","5,09","5,23","3,73","7,31","6,62","0,00","3,08","4,32",prem
21,Newport County,"8,40","4,84","4,59","2,78","3,60","1,36","2,81","2,23","2,56","1,73","3,77","5,30","4,17","3,92","2,82","6,41","4,73","4,53","5,56","4,97","0,00","4,49","3,39","2,01","0,62","1,15","3,06","4,27","1,83","1,66","2,80","6,54","5,38","6,23","4,39","2,21","0,00","4,08","4,85",leagueTwo
16,Nice,"3,36","6,05","3,12","4,83","4,32","4,79","5,27","4,53","5,91","3,22","3,36","4,58","0,00","6,97","6,05","5,45","5,19","5,66","4,62","2,78","2,39","3,04","2,73","4,47","4,33","4,51","1,59","2,65","2,83","2,67","3,35","5,38","6,82","3,73","5,61","5,75","6,60","2,10","1,07",ligue1
3,Nijmegen,"7,33","3,68","5,69","5,37","5,62","3,15","4,18","4,87","3,90","3,82","3,40","2,15","0,00","5,22","4,55","4,43","4,12","4,04","5,41","4,06","1,97","3,04","3,11","3,86","2,65","6,10","1,96","0,45","2,83","2,23","1,65","6,13","4,77","5,76","2,93","1,93","6,60","1,60","1,89",ered
19,Norwich,"7,88","4,23","5,01","2,95","4,29","2,42","4,14","3,03","3,70","2,54","3,79","6,42","2,33","5,59","4,55","4,91","4,12","4,20","3,49","4,44","0,00","4,68","5,46","3,63","2,72","3,90","3,88","3,40","0,00","2,51","2,80","4,59","4,17","5,15","2,32","3,08","0,00","3,76","4,32",championship
6,Nott'm Forest,"7,59","4,76","7,39","4,90","4,34","4,94","4,18","4,85","3,86","4,91","3,64","4,17","0,00","3,05","3,05","5,78","4,12","4,72","4,18","5,56","2,39","3,04","0,93","4,64","4,12","3,59","1,10","5,31","5,50","3,08","1,65","5,19","3,64","6,97","5,76","8,73","0,00","2,60","2,72",prem
24,Notts County,"6,42","2,58","6,37","7,27","7,35","4,31","5,15","6,33","4,94","6,18","2,41","4,38","0,00","3,26","2,27","3,25","3,72","1,70","6,23","6,72","0,00","1,60","2,73","4,49","3,42","4,51","0,94","3,10","0,00","3,37","3,35","4,84","5,69","5,96","4,86","3,64","4,40","2,43","3,25",leagueTwo
14,Nurnberg,"7,97","5,42","7,59","5,45","3,82","5,06","3,97","3,03","5,23","4,27","3,09","2,92","2,83","6,08","3,05","7,33","6,79","3,96","7,31","5,56","2,39","6,84","6,39","4,60","5,98","4,77","3,77","5,38","2,33","4,07","4,30","4,53","4,77","5,50","6,22","3,99","0,00","3,79","2,23",bundesliga2
5,Osasuna,"4,04","6,26","2,46","3,65","4,02","0,58","2,97","4,00","3,25","3,79","4,93","6,25","0,00","4,91","4,55","4,59","4,92","3,83","2,64","4,97","3,52","3,99","2,73","1,00","0,34","2,22","3,92","4,43","0,00","1,37","2,50","5,19","5,46","8,18","3,21","2,80","0,00","5,06","2,72",laliga
11,Oud-Heverlee Leuven,"2,53","5,23","3,47","5,90","5,09","4,37","4,32","3,58","2,14","6,91","3,56","5,72","2,33","3,37","3,23","4,05","3,65","4,53","6,95","4,44","1,97","2,51","2,35","4,57","3,28","5,99","4,38","2,44","2,00","1,58","3,10","4,03","2,56","5,30","4,44","4,61","0,00","3,93","4,32",jupiler
20,Oviedo,"1,65","4,43","3,89","7,91","5,95","3,26","2,68","7,17","5,85","3,82","4,42","4,65","0,00","5,98","5,18","2,71","2,74","2,42","7,08","4,06","6,06","3,57","3,11","3,05","2,16","4,66","6,91","5,76","1,83","1,09","1,65","4,91","5,23","3,13","5,34","3,92","2,20","3,08","3,25",spain2
8,Oxford,"6,76","3,05","6,30","0,99","4,91","3,08","2,62","1,46","2,58","1,23","2,00","3,33","0,00","3,47","2,00","5,74","3,77","6,30","3,78","3,56","1,55","3,88","3,66","3,63","2,38","2,62","1,77","3,47","0,00","2,23","2,85","7,28","6,92","8,44","4,77","3,28","2,80","4,64","3,64",championship
5,PSV Eindhoven,"4,72","0,34","7,19","7,79","9,85","6,42","7,87","8,93","10,00","8,51","0,00","0,00","2,83","10,00","9,86","1,55","1,71","3,40","0,00","0,47","4,65","0,49","0,93","7,56","6,89","7,12","2,19","1,22","0,00","7,77","5,70","2,18","2,24","1,68","2,59","2,19","2,80","2,10","1,55",ered
17,Paderborn,"7,93","4,78","6,16","4,89","4,32","4,07","5,11","5,17","3,64","5,76","2,91","3,33","2,83","4,78","2,27","6,22","4,92","6,04","3,73","2,78","0,00","1,79","2,73","4,53","4,17","4,77","2,92","4,62","2,33","3,70","1,45","4,28","4,00","4,46","4,28","3,99","0,00","4,20","0,87",bundesliga2
20,Palermo,"2,00","5,54","4,37","8,07","5,10","4,88","3,18","7,97","4,77","4,69","5,27","4,17","0,00","1,75","2,27","3,45","3,85","3,02","6,86","7,89","0,00","1,79","2,73","3,66","3,59","5,13","5,77","2,44","0,00","2,88","3,75","4,95","3,07","5,15","7,63","3,64","0,00","2,10","0,68",serieb
10,Paris SG,"2,81","3,06","1,36","9,93","7,26","5,27","8,73","7,97","9,10","6,60","1,55","3,33","0,00","8,69","5,32","4,11","3,85","2,83","6,86","6,50","2,39","1,79","0,93","6,71","8,54","7,02","1,10","1,33","0,00","6,55","8,35","1,60","1,13","1,92","0,67","2,80","3,40","2,10","1,07",ligue1
2,Parma,"2,15","6,02","4,58","4,54","4,32","5,05","2,97","3,31","1,95","2,91","2,16","5,00","2,33","3,37","2,59","6,14","6,19","5,66","6,69","6,42","1,97","6,31","3,11","5,24","3,49","6,79","1,84","1,33","8,33","3,08","4,15","7,45","4,32","6,76","4,34","3,21","3,40","3,08","2,72",seriea
3,Pisa,"1,76","3,75","3,22","6,37","6,31","4,66","5,01","4,77","3,32","2,74","2,16","5,72","0,00","5,22","4,55","3,86","3,43","4,04","8,49","4,06","1,97","1,94","1,58","4,23","1,30","2,81","4,61","2,33","4,83","2,98","4,30","3,32","4,00","3,77","6,71","5,45","2,80","2,51","2,91",serieb
20,Plymouth,"8,46","5,10","5,01","5,68","4,22","0,85","0,72","4,32","5,12","3,00","2,41","5,95","0,00","4,91","1,73","6,25","5,53","5,53","7,91","4,97","0,00","4,49","3,39","1,72","0,13","0,00","3,19","1,78","6,33","0,28","1,25","9,20","7,50","8,48","4,44","3,64","0,00","5,41","5,53",championship
22,Port Vale,"7,70","4,00","5,10","2,88","4,51","3,43","6,16","2,95","2,39","3,16","4,05","6,25","2,00","4,23","3,41","4,25","2,12","4,67","4,10","3,25","0,00","3,50","1,37","4,43","3,14","5,88","3,06","3,10","0,00","3,08","2,20","2,95","1,75","3,41","2,32","2,80","4,40","1,78","1,07",leagueTwo
4,Porto,"2,15","3,00","2,13","7,79","7,05","3,39","5,85","7,10","8,42","6,60","4,09","2,50","0,00","7,39","4,55","2,33","1,71","2,07","4,33","4,64","7,04","0,49","0,00","3,13","3,78","2,50","5,32","7,88","0,00","5,34","7,00","2,04","2,05","1,03","4,43","4,15","4,00","2,69","0,44",portugal
15,Portsmouth,"7,93","4,82","6,26","5,25","4,38","2,47","1,36","3,76","2,33","8,91","3,95","5,35","0,00","2,25","1,95","4,53","3,65","5,02","5,29","2,06","1,97","4,68","1,58","2,56","2,17","2,91","4,38","5,44","0,00","2,88","4,40","7,64","7,16","6,82","4,44","3,00","0,00","5,80","4,90",championship
2,Preston,"7,49","3,71","5,19","3,39","4,97","2,18","3,20","2,82","1,36","3,64","3,88","7,50","1,83","2,61","2,00","3,29","2,34","4,78","6,17","2,03","1,55","2,62","2,40","2,82","2,38","3,40","6,72","4,99","2,33","2,23","2,85","4,53","4,97","3,77","3,67","1,83","2,80","5,92","4,32",championship
18,Preuen Mnster,"6,99","3,91","7,54","1,77","4,25","4,47","2,78","2,20","2,14","3,46","2,86","6,78","0,00","2,25","1,95","5,57","4,34","5,66","3,24","4,06","0,00","3,57","0,77","4,90","5,17","5,65","5,40","2,65","0,00","3,52","4,15","5,76","4,77","5,36","4,49","1,93","0,00","5,06","5,15",bundesliga2
9,QPR,"7,19","3,27","5,21","5,49","6,08","2,31","3,45","5,82","5,01","6,74","2,24","3,60","0,00","2,32","2,55","3,81","4,12","4,28","3,88","2,94","4,65","6,01","6,07","2,75","0,93","4,18","2,08","2,73","4,83","1,48","0,00","6,06","5,17","7,58","4,40","2,19","0,00","3,37","2,23",championship
10,Queen of Sth,"3,42","3,91","1,30","0,85","5,54","2,76","6,78","1,63","4,32","2,58","1,91","6,08","2,33","4,10","2,59","4,33","4,12","5,47","1,64","3,64","6,06","3,57","3,11","2,45","3,10","4,38","2,40","3,47","2,33","0,00","0,00","1,78","1,46","4,63","5,73","4,38","0,00","2,10","1,55",scotl1
6,RB Leipzig,"6,84","2,99","5,83","4,82","6,16","2,52","2,48","3,67","4,37","5,93","2,55","4,50","3,33","4,18","1,82","4,60","3,16","3,40","5,31","4,36","0,00","0,00","1,09","3,69","3,49","0,62","3,19","3,10","0,00","3,96","5,00","7,74","5,69","5,36","3,35","4,07","0,00","3,08","2,72",bundesliga
7,Rangers,"0,58","2,66","3,77","7,26","7,26","4,21","3,67","8,18","6,43","5,81","2,93","3,93","0,00","5,59","5,18","2,43","0,45","2,75","3,62","3,25","0,00","0,87","2,35","4,69","3,03","5,51","4,73","7,35","0,00","0,67","1,00","4,53","2,32","3,70","3,92","7,20","0,00","2,69","2,38",scotchamp
15,Real Madrid,"1,69","3,09","2,76","6,67","6,85","5,94","6,85","5,97","6,82","6,01","2,00","4,65","0,00","6,71","3,23","3,57","1,60","3,24","5,55","2,44","0,00","3,04","0,00","6,11","5,59","4,97","2,45","0,00","2,83","3,96","2,50","2,73","2,28","3,73","6,32","3,64","3,40","1,12","0,29",laliga
11,Regensburg,"8,78","5,66","5,18","3,48","2,97","2,42","3,75","2,84","1,36","4,54","4,65","7,15","7,17","0,76","1,32","5,57","6,19","5,02","5,93","4,06","0,00","5,21","3,11","3,43","1,39","2,67","2,70","4,88","2,83","0,93","1,65","6,60","7,05","5,15","3,92","3,64","0,00","10,00","6,75",bundesliga2
10,Reggiana,"3,38","7,58","4,33","4,31","3,07","3,80","2,36","2,94","3,12","2,19","5,27","6,42","0,00","3,37","3,23","6,24","4,81","3,56","7,59","5,22","0,00","3,57","3,11","3,71","4,00","3,59","6,19","5,76","0,00","1,48","0,00","5,66","4,19","3,94","6,58","3,99","0,00","2,51","2,23",serieb
3,Reims,"2,70","5,73","3,67","1,86","4,23","4,84","4,37","2,18","2,28","1,73","3,18","5,83","2,83","3,92","3,77","6,00","5,45","3,96","4,18","2,78","0,00","4,94","5,46","5,93","4,33","5,88","3,43","4,43","0,00","4,38","4,15","4,81","6,14","4,34","3,49","1,53","0,00","2,60","1,89",ligue1
9,Rennes,"2,61","4,17","2,51","6,07","5,94","2,89","4,78","4,43","3,64","6,40","3,82","5,00","0,00","3,92","4,55","3,33","1,19","2,83","5,67","5,56","2,39","2,40","3,66","2,99","3,28","4,73","5,52","3,98","0,00","1,37","0,85","4,24","5,01","1,72","4,91","2,80","0,00","6,04","4,32",ligue1
12,Rio Ave,"3,02","7,00","4,30","6,06","3,72","1,89","0,85","3,42","3,82","6,44","4,84","5,00","0,00","3,66","4,55","4,07","2,52","6,80","7,64","4,36","0,00","3,04","2,19","1,78","0,13","3,59","4,42","3,10","5,50","0,93","0,85","9,24","8,64","5,55","4,62","3,64","3,40","6,54","6,75",portugal
17,Roma,"2,98","4,46","2,29","5,17","5,61","3,48","5,64","5,17","3,64","2,79","3,64","3,75","0,00","3,92","1,50","4,45","4,39","2,64","6,27","4,64","0,00","3,69","2,73","4,45","2,38","2,22","2,61","3,87","2,33","1,48","2,15","4,04","3,60","3,42","5,25","2,90","2,80","3,79","2,91",seriea
8,Ross County,"3,82","5,38","2,01","3,35","4,68","0,89","4,00","3,60","3,07","2,68","3,70","4,38","0,00","3,60","2,27","4,41","2,52","5,53","5,22","2,19","1,69","3,50","1,37","2,73","0,54","2,46","2,45","2,65","5,50","0,08","0,85","5,94","6,37","6,16","2,37","1,09","0,00","5,56","2,72",scotchamp
4,Salernitana,"3,06","5,60","3,12","6,01","4,81","3,39","4,13","5,69","4,68","5,81","5,66","7,50","4,83","2,98","1,95","2,43","2,29","1,94","5,41","4,83","0,00","5,21","6,23","2,60","2,74","2,41","5,24","5,38","0,00","1,48","1,45","4,93","3,60","1,68","8,28","2,54","0,00","3,79","2,91",serieb
10,Salford,"7,41","3,55","5,09","4,59","5,51","1,48","1,91","4,48","3,07","4,27","3,91","5,30","0,00","2,30","1,73","3,25","2,92","3,83","5,78","3,58","0,00","3,50","2,08","2,88","2,17","1,54","6,59","8,09","2,00","2,23","1,25","4,88","2,89","5,30","2,86","3,00","0,00","2,46","1,89",leagueTwo
13,Sampdoria,"3,87","7,60","3,75","4,89","3,12","4,99","4,36","4,21","2,96","2,58","4,27","6,67","5,50","1,31","1,50","7,22","4,65","3,96","7,31","6,94","0,00","1,79","0,00","4,38","2,80","4,97","3,84","3,10","2,00","4,17","3,10","5,44","6,30","3,19","6,25","3,94","5,00","4,70","3,74",serieb
10,Santa Clara,"2,65","4,78","2,96","4,83","5,32","4,08","4,98","3,78","3,41","2,79","5,45","6,67","2,83","3,05","3,05","2,22","2,24","2,64","6,57","7,42","0,00","1,79","3,66","3,96","4,04","3,05","5,91","6,82","0,00","3,26","2,00","2,60","2,86","1,76","5,45","6,18","4,00","3,88","4,32",portugal
7,Santander,"1,39","5,23","4,87","6,65","5,18","5,43","2,77","4,16","3,57","3,79","3,70","4,05","2,00","3,92","3,41","4,59","3,93","3,83","8,92","7,08","1,69","2,59","1,37","4,12","4,69","3,07","4,29","5,44","4,17","3,83","5,00","5,80","4,43","5,15","8,58","5,22","0,00","0,98","0,05",spain2
14,Sassuolo,"2,89","5,71","3,42","4,08","4,51","4,39","4,44","5,51","6,23","2,91","3,95","3,57","0,00","5,98","2,59","5,86","4,34","3,73","2,98","2,86","0,00","2,51","3,11","5,19","5,08","3,20","1,45","3,87","4,83","4,46","2,85","6,55","4,38","3,42","5,13","2,19","0,00","1,69","0,87",serieb
6,Schalke 04,"8,34","5,12","5,48","6,76","4,54","2,76","3,82","5,71","5,23","2,79","2,64","7,92","2,83","6,97","6,82","5,33","6,52","3,02","5,67","8,33","0,00","8,75","7,27","3,79","2,56","3,40","3,66","4,99","2,33","2,23","1,45","5,74","4,77","3,42","2,82","5,09","2,80","3,79","3,64",bundesliga2
11,Sevilla,"3,49","5,43","2,46","5,25","4,85","2,99","4,95","4,13","3,32","4,54","4,02","8,58","7,17","2,25","2,59","3,57","2,74","3,40","6,06","7,22","1,97","3,04","2,35","4,01","2,56","5,36","3,03","1,96","4,83","2,23","2,15","4,69","3,81","4,11","3,19","0,74","2,80","3,79","3,64",laliga
21,Sheffield United,"7,40","3,72","5,57","5,49","5,60","3,19","4,54","5,15","3,51","5,09","4,18","7,15","0,00","3,73","3,91","2,33","0,00","4,69","5,16","3,64","1,97","0,34","0,00","3,69","3,14","5,27","2,58","2,81","1,83","2,80","3,35","4,09","2,35","7,18","3,26","2,80","2,20","1,45","0,53",championship
11,Sheffield Weds,"6,79","2,93","5,86","5,22","6,35","3,08","3,61","4,39","2,88","6,74","2,67","3,33","0,00","3,76","3,55","4,11","3,94","2,51","4,58","3,86","0,00","5,17","2,40","2,97","1,65","6,53","5,45","3,47","2,33","1,48","0,70","4,28","1,86","5,32","4,40","2,54","0,00","4,20","2,91",championship
7,Sociedad,"3,00","5,05","2,75","4,67","5,08","2,99","4,44","3,58","4,49","7,46","3,56","5,72","2,33","2,61","1,95","4,05","3,65","4,04","4,65","4,06","0,00","4,14","3,11","2,97","1,84","5,16","4,61","3,10","0,00","1,11","1,45","3,80","1,27","4,11","4,52","3,99","0,00","0,00","0,87",laliga
15,Southampton,"10,00","8,16","6,78","2,35","0,00","3,89","3,28","0,89","2,28","1,95","4,00","8,32","5,50","2,61","3,05","10,00","9,46","8,12","6,12","6,94","0,00","6,20","2,73","4,03","1,80","6,10","2,70","6,63","0,00","0,93","0,00","6,23","5,23","5,55","5,47","1,93","3,40","5,56","5,15",prem
8,Sp Braga,"3,08","5,50","3,02","4,76","4,75","4,65","5,34","3,46","4,09","5,55","5,27","5,00","2,83","5,22","4,55","3,45","4,39","3,02","4,33","6,03","0,00","4,30","0,00","5,21","2,27","5,79","4,73","2,57","0,00","3,26","2,00","2,60","1,77","4,18","3,41","6,18","0,00","0,92","0,44",portugal
8,Sp Gijon,"1,79","4,85","4,07","3,34","5,09","2,90","2,09","4,40","4,43","3,32","5,00","4,38","0,00","3,92","2,82","3,67","2,71","2,97","2,64","4,31","3,52","2,59","2,08","3,47","3,43","4,62","6,13","6,42","0,00","3,52","3,75","5,87","5,62","4,55","3,17","2,37","0,00","2,84","1,31",spain2
1,Sp Lisbon,"0,00","1,10","3,22","9,28","8,72","10,00","9,39","7,92","6,28","5,93","3,20","2,00","0,00","7,83","7,27","0,73","1,23","1,13","6,75","4,36","0,00","0,76","1,09","10,00","8,32","7,94","1,72","0,90","0,00","10,00","5,85","0,57","1,13","0,30","6,04","5,34","0,00","0,62","1,89",portugal
6,Sparta Rotterdam,"7,80","3,92","4,57","3,66","4,83","2,47","5,27","4,23","3,90","4,01","2,39","4,28","4,83","2,61","1,95","5,00","3,21","5,66","3,88","4,06","1,97","5,74","4,70","4,38","3,06","4,05","0,85","2,23","0,00","2,23","1,65","6,23","5,91","3,54","1,80","1,53","3,40","3,08","2,72",ered
15,Spezia,"2,86","6,99","4,50","7,08","3,85","4,84","2,93","4,13","4,28","3,82","7,22","6,78","0,00","4,86","3,23","3,38","2,29","2,27","9,77","6,83","0,00","1,41","2,35","4,08","3,46","4,77","6,29","5,38","2,33","2,98","2,85","4,93","2,24","3,08","6,46","5,83","0,00","0,83","0,87",serieb
13,St Etienne,"3,28","6,11","3,26","2,00","3,95","1,69","2,48","3,89","2,50","1,09","4,00","5,42","0,00","3,05","1,50","5,33","3,85","5,66","2,98","3,72","0,00","2,40","0,93","2,65","2,86","2,91","6,13","3,98","0,00","1,37","0,85","6,04","7,74","4,34","3,64","1,53","3,40","8,99","10,00",ligue1
6,St Johnstone,"4,96","8,21","2,90","3,11","2,44","3,66","4,73","3,56","4,09","4,49","2,91","3,75","2,83","3,05","1,50","6,55","5,99","10,00","3,88","0,94","7,04","6,84","5,46","3,47","2,02","3,43","3,74","3,77","4,17","2,88","2,50","4,88","3,57","2,87","5,94","3,33","2,40","4,70","3,74",scotchamp
4,St Mirren,"2,77","5,22","3,17","1,75","4,61","3,47","4,12","3,28","1,53","3,49","3,36","5,30","0,00","3,92","3,41","4,83","2,92","5,23","0,74","3,94","1,69","3,50","3,39","3,95","4,12","3,36","4,54","5,76","2,83","2,67","5,85","4,15","3,64","4,75","4,06","3,64","3,40","6,04","4,32",scotchamp
9,St Pauli,"6,25","1,52","4,43","2,17","6,87","2,15","4,90","3,03","1,64","2,62","2,22","3,00","0,00","0,00","0,00","3,27","4,76","3,62","4,60","4,36","0,00","3,80","3,28","3,51","2,02","2,67","2,58","2,23","0,00","2,67","2,50","4,81","5,69","4,95","2,22","4,07","0,00","3,08","2,72",bundesliga
12,St Truiden,"4,17","5,83","1,95","3,13","4,30","1,36","4,50","3,86","3,70","5,28","2,24","4,28","2,33","4,10","3,23","6,91","5,72","5,02","1,96","3,25","0,00","4,68","4,70","4,18","3,43","3,43","2,91","2,10","6,33","2,54","1,90","5,16","4,61","5,30","0,00","0,13","0,00","6,89","6,17",jupiler
9,St. Gilloise,"1,98","3,81","2,99","6,97","6,33","3,77","4,67","6,62","4,28","4,19","3,40","5,00","0,00","4,46","3,91","2,43","2,74","4,37","5,67","7,22","0,00","1,41","0,00","4,25","3,59","5,99","5,03","6,42","4,17","1,58","1,90","3,04","2,21","3,19","3,39","4,91","2,40","2,46","1,89",jupiler
15,Standard,"1,59","3,52","3,24","2,83","6,07","1,05","2,00","3,11","2,89","3,00","1,94","1,88","0,00","2,61","2,27","5,67","4,31","4,25","4,22","4,31","1,69","1,14","0,66","2,30","1,30","1,44","4,19","3,47","2,33","0,39","0,70","6,63","6,14","7,93","3,55","2,54","0,00","5,06","3,64",jupiler
5,Stenhousemuir,"3,15","4,31","1,96","2,77","5,44","3,35","6,11","2,20","3,51","5,81","3,17","6,42","0,00","4,86","2,59","3,09","5,03","5,66","3,37","2,06","0,00","2,51","1,58","4,01","2,38","5,94","3,98","2,33","0,00","1,11","2,15","2,67","4,19","2,90","3,67","2,19","2,80","2,96","3,64",scotl1
10,Stoke,"7,19","3,66","6,16","3,14","4,94","2,20","1,00","3,11","2,73","4,91","2,55","5,00","0,00","4,91","5,09","4,83","3,51","5,66","2,88","2,56","0,00","4,49","3,39","3,28","3,13","4,28","4,01","5,44","0,00","0,93","0,60","8,84","7,50","5,76","2,86","3,33","0,00","2,46","0,68",championship
17,Strasbourg,"3,64","6,59","3,21","3,73","3,77","4,73","5,09","1,21","3,64","2,58","4,45","7,08","0,00","4,78","4,55","5,22","5,45","4,16","7,91","4,64","0,00","4,30","1,80","4,38","5,38","4,05","2,08","2,23","0,00","3,96","3,35","5,66","7,74","4,95","6,04","4,91","0,00","7,04","2,72",ligue1
14,Stuttgart,"7,02","3,03","5,26","8,97","7,41","2,63","4,03","7,64","8,87","8,09","1,55","5,42","2,83","6,53","3,77","2,33","4,39","3,20","4,93","7,42","2,39","4,94","2,73","2,92","2,27","1,67","2,97","3,63","3,33","2,75","3,00","5,77","5,59","5,15","4,77","4,66","0,00","5,06","2,38",bundesliga
5,Sudtirol,"1,12","4,22","4,38","3,95","5,65","3,71","2,21","3,49","3,51","2,54","4,02","4,65","0,00","3,37","2,59","2,62","2,52","3,73","6,06","4,83","0,00","5,74","3,88","3,56","1,48","3,40","4,71","3,10","2,33","1,48","2,15","6,79","4,58","5,32","7,19","1,45","0,00","3,79","5,00",serieb
24,Sunderland,"6,46","2,59","6,24","4,90","6,61","4,10","4,99","2,94","2,92","2,74","2,31","5,35","2,33","5,22","6,50","3,19","2,05","4,04","7,20","5,22","0,00","1,41","0,77","4,03","3,28","4,05","3,06","3,10","1,83","3,08","2,20","4,28","2,65","4,62","5,99","3,08","0,00","1,78","0,00",championship
22,Swansea,"7,18","3,20","5,08","4,28","5,78","3,34","6,00","2,95","3,07","3,00","3,23","3,45","0,00","3,26","4,00","3,33","2,52","5,38","6,68","5,69","0,00","2,59","0,66","3,14","1,24","6,17","0,89","4,43","0,00","0,93","1,90","4,10","3,25","4,08","4,98","2,67","0,00","1,75","2,48",championship
23,Swindon,"6,19","1,87","5,50","1,69","6,36","3,04","4,39","2,63","1,20","3,64","1,79","2,80","2,00","2,92","3,41","3,83","3,12","4,53","2,76","1,17","0,00","5,89","4,81","3,51","1,60","3,44","2,33","4,27","1,83","2,80","2,20","5,34","4,17","5,02","4,67","2,21","2,20","3,76","3,25",leagueTwo
15,Tenerife,"3,55","5,89","2,75","2,66","4,20","2,67","4,18","2,66","1,95","2,19","4,73","6,08","4,83","2,25","1,95","3,38","2,74","5,99","4,90","4,83","4,08","2,51","0,77","3,14","1,87","2,74","4,85","3,10","0,00","1,92","1,25","4,24","5,62","5,15","4,13","5,22","2,40","5,41","3,74",spain2
15,Torino,"3,74","6,60","3,09","1,73","3,54","2,31","3,30","1,63","2,05","1,09","4,09","5,00","0,00","2,61","0,77","7,45","7,32","3,20","5,38","5,11","0,00","3,04","2,73","3,19","2,74","4,57","2,72","4,99","2,33","3,34","3,55","6,15","4,19","6,19","1,86","2,90","2,80","4,64","3,64",seriea
16,Tottenham,"6,60","4,34","10,00","8,97","6,04","7,89","4,61","6,68","6,37","9,78","3,36","5,00","0,00","6,97","3,77","3,00","2,79","3,77","6,27","3,25","2,39","3,04","4,54","6,11","5,80","8,63","3,31","4,88","0,00","4,38","5,00","4,24","3,18","4,95","7,59","7,02","3,40","2,60","1,07",prem
8,Toulouse,"1,44","2,99","3,00","2,97","6,50","4,00","4,85","2,50","3,64","4,69","3,36","4,17","2,83","2,61","0,77","2,22","2,24","3,77","4,48","4,64","0,00","3,04","3,66","4,12","1,80","3,59","6,63","1,78","0,00","2,67","5,00","3,02","3,18","2,93","5,05","4,07","3,40","3,08","1,07",ligue1
11,Tranmere,"7,35","3,52","5,24","3,72","5,26","3,22","5,37","3,58","1,76","4,91","3,71","5,35","0,00","1,49","1,95","4,24","0,91","3,88","4,01","6,03","1,97","1,94","0,77","3,86","2,50","6,50","2,17","4,43","0,00","1,58","1,90","4,81","4,77","3,48","2,75","3,33","2,40","3,93","2,48",leagueTwo
12,Twente,"6,72","2,57","5,24","5,86","6,93","4,17","7,45","7,97","7,50","4,27","3,54","2,92","0,00","5,22","3,77","2,55","2,52","2,64","3,28","0,47","0,00","1,79","0,93","5,49","5,62","5,36","0,93","1,59","0,00","4,82","4,30","2,67","1,46","3,77","2,47","1,83","0,00","2,51","2,91",ered
11,Udinese,"3,54","6,09","2,93","2,08","3,97","3,49","4,55","2,28","1,60","4,06","4,45","4,17","2,83","3,47","3,05","5,55","4,12","4,34","3,58","0,94","2,39","3,04","3,66","4,53","2,91","4,97","4,61","4,99","2,33","2,59","2,15","4,28","4,58","2,90","2,82","3,28","5,80","4,64","3,64",seriea
9,Ulm,"7,61","4,53","6,75","5,25","4,69","3,53","2,57","5,07","3,41","2,37","2,09","6,67","0,00","2,61","2,27","5,33","3,85","6,04","5,38","9,28","4,65","4,30","0,00","3,12","2,02","3,59","3,77","3,47","4,83","1,87","2,15","6,47","3,60","6,01","6,10","4,73","0,00","2,10","2,23",bundesliga2
10,Union Berlin,"7,68","3,81","4,75","3,25","4,81","2,00","3,82","3,03","3,27","2,62","4,29","8,50","0,00","3,13","4,55","4,20","3,80","2,94","4,96","3,81","2,82","1,52","1,09","4,03","2,23","4,97","4,66","3,10","0,00","0,93","0,85","4,43","3,86","5,55","0,95","2,37","0,00","2,10","1,07",bundesliga
8,Utrecht,"6,34","2,14","5,62","2,83","6,43","3,05","4,12","3,56","2,50","3,00","3,00","2,50","0,00","4,36","3,77","3,00","3,59","4,16","3,14","2,78","2,39","3,69","4,54","3,43","3,91","3,59","2,45","2,65","0,00","4,82","4,15","6,04","4,32","4,75","3,21","3,21","6,60","1,60","1,07",ered
6,Valencia,"3,88","4,98","1,61","5,25","5,21","1,52","5,21","2,82","2,50","6,82","3,18","7,50","2,83","4,36","3,05","3,89","4,39","3,77","4,93","8,81","2,39","4,30","3,66","1,35","0,76","2,91","3,80","3,98","0,00","0,49","1,65","3,58","3,41","4,15","5,19","2,80","0,00","4,56","3,50",laliga
9,Valladolid,"4,22","8,16","3,77","3,06","2,47","2,67","2,42","2,30","0,97","3,27","4,80","7,85","0,00","1,85","0,64","6,62","3,65","5,50","5,67","6,42","0,00","3,04","0,77","2,00","1,48","2,62","4,71","6,13","2,33","1,48","0,70","6,71","6,53","4,98","6,10","5,45","5,80","7,60","5,00",laliga
19,Vallecano,"2,23","5,51","4,07","6,07","4,89","3,48","2,57","6,68","4,09","5,55","3,18","4,58","2,83","3,47","2,27","5,45","4,39","3,59","4,78","2,78","0,00","4,30","1,80","3,34","1,30","4,97","6,92","5,38","2,33","1,48","0,70","4,20","2,44","5,15","5,25","4,38","0,00","1,69","0,87",laliga
18,Venezia,"1,58","3,95","3,59","3,59","5,83","2,80","2,83","4,21","4,32","1,95","2,37","4,17","0,00","2,61","1,50","4,67","3,85","3,77","4,78","5,56","2,39","4,30","3,66","3,04","2,02","2,41","4,51","2,33","2,33","1,48","3,55","5,66","5,95","6,72","5,25","3,28","2,80","5,06","5,73",seriea
6,Verona,"2,92","5,64","3,33","0,94","4,19","0,42","1,33","1,56","1,36","4,19","3,40","6,78","4,83","3,73","2,59","5,09","4,34","3,40","2,35","0,47","0,00","8,48","9,34","1,78","0,97","1,99","7,00","6,21","8,33","2,67","2,50","5,94","7,27","5,15","1,52","1,93","0,00","6,54","6,75",seriea
10,Villarreal,"3,23","6,63","3,75","5,52","3,95","5,47","4,75","4,21","4,09","3,85","3,91","6,67","0,00","6,08","5,32","6,11","6,52","2,46","5,97","5,11","0,00","6,84","5,46","5,49","4,17","4,18","3,03","7,27","2,33","3,70","3,55","3,64","3,81","4,46","5,25","7,28","2,80","2,96","3,64",laliga
14,Waalwijk,"8,56","4,66","3,58","1,06","3,25","0,31","2,85","2,39","2,92","2,54","1,53","4,28","7,17","2,25","1,32","8,24","6,86","6,80","2,98","1,67","0,00","6,84","3,88","2,65","2,02","1,54","2,82","0,45","8,33","2,23","1,65","7,92","8,64","5,96","0,25","2,37","0,00","8,52","7,57",ered
12,Walsall,"6,27","1,95","5,41","3,96","6,98","3,93","6,54","4,23","3,51","4,91","3,56","5,00","0,00","5,59","3,91","1,38","0,91","2,59","2,35","4,83","0,00","4,68","1,58","5,03","3,43","6,68","3,65","2,79","0,00","3,83","1,90","2,26","1,53","2,42","2,43","2,06","0,00","0,98","1,31",leagueTwo
23,Watford,"7,39","4,12","6,55","4,60","4,91","3,61","3,21","4,68","4,09","4,54","3,17","7,50","0,00","4,46","1,32","4,81","3,65","4,37","4,65","3,64","0,00","1,41","1,58","3,40","2,72","5,12","4,29","2,52","0,00","3,37","2,80","6,04","5,38","5,68","4,11","5,34","0,00","5,71","4,32",championship
15,Werder Bremen,"6,67","3,36","7,37","2,50","5,06","5,31","5,03","1,10","1,91","2,88","1,56","3,50","0,00","2,09","0,91","6,87","5,72","4,08","6,21","6,03","2,82","6,08","3,28","4,98","5,38","4,73","2,58","3,10","5,50","5,26","5,00","4,34","5,23","4,34","5,47","4,07","6,60","5,56","8,35",bundesliga
16,West Brom,"6,29","2,14","5,79","4,90","7,08","4,05","5,91","4,88","1,53","5,39","1,52","6,55","0,00","1,31","1,73","3,67","2,52","3,11","5,45","3,58","0,00","0,68","1,37","3,60","3,28","3,94","1,90","2,10","0,00","4,17","5,00","3,54","2,39","5,15","5,19","4,91","0,00","2,10","2,48",championship
7,West Ham,"8,42","5,64","6,48","2,28","2,60","2,99","2,00","4,43","5,01","4,06","3,73","6,25","0,00","3,47","3,05","7,55","4,92","5,47","0,74","2,33","0,00","5,59","5,46","4,90","2,65","4,05","4,29","3,10","5,50","2,67","1,65","6,79","3,64","6,97","2,22","1,93","0,00","3,58","2,72",prem
8,Westerlo,"2,06","5,99","4,66","6,80","4,60","3,98","1,95","6,65","6,82","6,18","2,82","6,55","2,00","5,87","4,55","5,08","5,11","5,10","4,88","2,19","0,00","3,99","4,10","5,12","5,44","3,00","4,29","6,53","0,00","2,98","3,55","7,28","5,95","5,32","3,92","4,38","0,00","4,64","2,91",jupiler
16,Willem II,"6,87","2,59","4,75","0,41","5,21","0,52","0,60","1,47","0,97","2,54","1,84","5,35","0,00","2,98","2,59","6,33","2,98","4,04","1,96","2,86","0,00","3,04","0,77","1,09","0,97","3,36","4,42","4,88","0,00","2,67","4,15","8,02","5,23","7,78","1,94","1,53","0,00","2,60","3,50",ered
8,Wolfsburg,"7,00","4,11","7,95","3,66","4,64","4,27","1,42","3,35","2,96","3,00","3,36","4,58","2,83","3,92","1,50","5,33","6,25","3,40","5,52","3,72","2,39","6,84","4,54","4,17","4,04","5,24","5,77","10,00","3,33","5,34","9,00","6,45","5,05","4,18","3,41","3,64","0,00","2,69","1,41",bundesliga
19,Wolves,"8,24","5,90","7,78","0,14","1,67","4,42","2,12","1,10","2,73","0,67","3,91","5,42","0,00","3,92","3,77","6,78","6,79","9,25","1,94","5,11","0,00","8,10","3,66","4,29","4,12","2,91","4,79","5,76","0,00","4,38","4,15","5,76","6,14","7,37","5,61","5,34","0,00","6,04","5,92",prem
22,Zaragoza,"3,16","7,88","4,85","7,91","3,25","4,49","2,04","6,16","5,85","4,01","6,36","5,72","0,00","4,10","3,23","4,81","3,89","3,24","7,20","10,00","10,00","4,14","3,88","4,55","4,68","3,74","5,60","5,17","3,67","3,96","2,80","6,04","4,62","5,02","5,24","5,06","2,20","2,43","2,72",spain2
17,Zwolle,"8,61","4,96","4,09","3,87","3,81","1,23","3,66","3,24","1,81","4,27","3,09","4,58","2,83","4,36","0,77","6,45","6,52","5,29","5,07","4,64","0,00","5,59","2,73","1,78","1,84","1,63","3,34","2,33","4,83","1,11","2,85","5,66","5,17","6,36","4,52","1,45","0,00","5,06","2,91",ered
